,file_name,relevant,words,OCR_score
66,pos (72).jpg,1,"[['instax', 'mini8', 'fujifilm'], [99.81348514556885, 89.09488916397095, 89.40441012382507]]",99.81348514556885
1,pos (6).jpg,1,"[['fuj fulm', 'mini', 'fujmfilm', 'fuj film', 'mini', 'instax', 'mini', 'fujifilm', 'instax', '23', 'mini', 'ox', 'nstant', 'film', 'grood', 'tiwed'], [73.89324903488159, 99.25163984298706, 81.087327003479, 96.22712135314941, 98.03417921066284, 99.73828196525574, 99.55735802650452, 97.77495861053467, 99.8009741306305, 50.86526870727539, 99.70449209213257, 69.68085169792175, 91.07815027236938, 91.07815027236938, 64.6334171295166, 64.6334171295166]]",99.8009741306305
42,pos (49).jpg,1,"[['umfilm', 'min', 'j film', 'mini', 'fujifilm', 'fujifilm', 'fuj film', 's', 'instax', 'nstax', 'mini', 'fujifilm', 'ni', 'instax', 'ufrm', 'mini', 'fujifilm', 'mini', 'jifilm', 'instax', 'mini', 'vstrntfre', '102', 'i0u ', 'ini', '210u ', 'i0u '], [97.08436131477356, 98.90556335449219, 85.14720797538757, 98.95360469818115, 96.94503545761108, 98.31147193908691, 88.50418329238892, 71.83104157447815, 99.78926181793213, 99.63461756706238, 98.12439680099487, 82.52279758453369, 87.29043006896973, 99.77280497550964, 79.4465959072113, 99.41016435623169, 93.39204430580139, 99.75786209106445, 96.47113680839539, 99.79367852210999, 99.12028312683105, 60.70588827133179, 97.24950194358826, 79.74159717559814, 99.53672289848328, 66.7175829410553, 72.03475832939148]]",99.79367852210999
65,pos (74).jpg,1,"[['instax', 'fujifilm', '60', 'instax mini', 'instant', 'film', 'value', 'pack'], [99.77850317955017, 93.52425336837769, 99.84543919563293, 97.60650992393494, 92.36100912094116, 92.36100912094116, 92.36100912094116, 92.36100912094116]]",99.77850317955017
87,pos (93).jpg,1,"[['furfim', 'funfilm', 'instax', 'instax', 'squar', 'squar'], [82.67872333526611, 81.62783980369568, 99.71649646759033, 99.7593641281128, 99.61217045783997, 99.49714541435242]]",99.7593641281128
18,pos (18).jpg,1,"[['fujnfilm', 'fujifilm', 'instax', 'instax', 'mini', 'mini'], [82.20862150192261, 81.7139744758606, 88.5533094406128, 99.73428845405579, 98.23506474494934, 88.36498856544495]]",99.73428845405579
27,pos (33).jpg,1,"[['instax', 'fujifilm', 'insto', 'nstaxm'], [99.72804188728333, 99.64466691017151, 89.61350321769714, 95.1151192188263]]",99.72804188728333
83,pos (92).jpg,1,"[['fujifilm', 'fujifilm', 'instax', 'instax', 'mini', 'mini', '10x', 'xoxx', 'xox0'], [99.04706478118896, 98.17461967468262, 99.70094561576843, 99.72347617149353, 99.76562261581421, 99.69834089279175, 92.26449131965637, 56.701791286468506, 58.41607451438904]]",99.72347617149353
99,pos (99).jpg,1,"[['instax', 'fujifilm', 'instax', 'mini', 'link'], [99.71597790718079, 93.33835244178772, 99.69279170036316, 96.81171774864197, 96.81171774864197]]",99.71597790718079
24,pos (19).jpg,1,"[['instax', 'instax', 'instax', 'wie', 'wid'], [99.68712329864502, 99.70574378967285, 99.65755939483643, 92.8193747997284, 99.21984672546387]]",99.70574378967285
20,pos (27).jpg,1,"[['fujifilm', 'instax', 'mini70'], [91.77132248878479, 99.69773292541504, 99.63314533233643]]",99.69773292541504
32,pos (45).jpg,1,"[['fujifilm', 'instax', 'minig'], [99.04017448425293, 99.68367218971252, 97.14022874832153]]",99.68367218971252
63,pos (59).jpg,1,"[['instax', 'mini9'], [99.68356490135193, 96.1024284362793]]",99.68356490135193
61,pos (70).jpg,1,"[['fuj film', 'mini', 'fujifilm', 'instax', 'mini', 'instant', 'film', '10x', 'havefun '], [95.65519690513611, 93.00010800361633, 99.12644624710083, 99.67935085296631, 99.66893792152405, 88.47668170928955, 88.47668170928955, 84.29231643676758, 94.46276426315308]]",99.67935085296631
78,pos (89).jpg,1,"[['fujifilm', 'instax', 'mini', 'kawaii '], [99.01002049446106, 99.67445731163025, 99.69905018806458, 93.79076361656189]]",99.67445731163025
95,pos (96).jpg,1,"[['fujrilm', 'instax', 'ming', 't0u', 'ultra', 'sandist', 'photo4less', '3208'], [61.37539744377136, 99.67153668403625, 90.63652157783508, 56.566935777664185, 96.20450735092163, 85.99467277526855, 95.59823870658875, 79.87449169158936]]",99.67153668403625
82,pos (88).jpg,1,"[['instax', 'instax', 'squar', 'squar', 'instax', 'squap', 'instax', 'instax', 'squar', 'squa'], [99.66161847114563, 99.5798110961914, 99.47016835212708, 91.22551083564758, 99.40267205238342, 94.68640089035034, 98.9403486251831, 99.66042637825012, 98.0634868144989, 98.21568131446838]]",99.66161847114563
14,pos (21).jpg,1,"[['instax', 'mini9'], [99.62990880012512, 99.13322329521179]]",99.62990880012512
73,pos (38).jpg,1,"[['instax', '506'], [99.62783455848694, 69.69704031944275]]",99.62783455848694
34,pos (37).jpg,1,"[['fujfilm', 'instax', 'instax', 'mini', 'nini', 'instax', 'mini11'], [94.14268136024475, 99.619060754776, 98.14453125, 99.47858452796936, 99.23999905586243, 90.57846069335938, 90.57846069335938]]",99.619060754776
68,pos (75).jpg,1,"[['fujfilm', 'instax', 'square'], [79.36323285102844, 99.61099624633789, 98.95206093788147]]",99.61099624633789
77,pos (87).jpg,1,"[['fujifilm', 'instax'], [99.23417568206787, 99.57428574562073]]",99.57428574562073
62,pos (46).jpg,1,"[['fujfilm', 'instax', 'sini7s'], [75.89473724365234, 99.56191182136536, 63.22661638259888]]",99.56191182136536
49,pos (62).jpg,1,"[['umm', 'pujfilm', 'instax', 'mini', 'i0v'], [82.10394382476807, 81.64945244789124, 99.52990412712097, 99.80047345161438, 66.13282561302185]]",99.52990412712097
31,pos (15).jpg,1,"[['instax', 'share', 'sp 3'], [99.49207901954651, 94.51508522033691, 94.51508522033691]]",99.49207901954651
9,pos (11).jpg,1,"[['instax', 'instax'], [92.42021441459656, 99.39276576042175]]",99.39276576042175
43,pos (48).jpg,1,"[['fuj film', 'mini', 'fujifilm', 'instax', 'nstant', 'film', 'mini', '10', 'i0u '], [97.49202728271484, 99.38192367553711, 97.81934022903442, 99.35126304626465, 91.93705916404724, 91.93705916404724, 99.71626996994019, 99.65517520904541, 73.52786660194397]]",99.35126304626465
26,pos (31).jpg,1,"[['minl', 'fuj film', 'mini', 'fujifilm', 'instax', 'mini'], [81.32472634315491, 87.25709915161133, 83.52314233779907, 99.34762120246887, 99.3162214756012, 99.78927969932556]]",99.34762120246887
45,pos (61).jpg,1,"[['fujifilm', 'instax', 'mini'], [99.31716322898865, 93.81147027015686, 93.81147027015686]]",99.31716322898865
72,pos (67).jpg,1,"[['fujifilm', 'mini', 'fujifilm', 'instax', 'mini', 'mermaid', 'tail', '10', 'instant', 'film'], [94.60498690605164, 98.82943034172058, 99.2450475692749, 95.76116800308228, 95.76116800308228, 94.80000138282776, 94.80000138282776, 94.80000138282776, 96.34483456611633, 96.34483456611633]]",99.2450475692749
41,pos (40).jpg,1,"[['instax'], [99.21548366546631]]",99.21548366546631
53,pos (68).jpg,1,"[['fujifilm', 'instaxmini'], [99.1755485534668, 96.25543355941772]]",99.1755485534668
51,pos (52).jpg,1,"[['fujifilm', 'mini', 'fujifilm', 'instax', 'mini', 'bluemarble', '10', 'instant', 'film', 'sheets'], [99.15783405303955, 98.93180131912231, 98.29373359680176, 95.52671909332275, 95.52671909332275, 96.88850045204163, 96.88850045204163, 96.27428650856018, 96.27428650856018, 93.52274537086487]]",99.15783405303955
91,pos (98).jpg,1,"[['funfhm', 'instax'], [74.89809989929199, 99.12950396537781]]",99.12950396537781
33,pos (41).jpg,1,"[['fujifilm', 'instax', 'mini', 'rainbow', 'bestftiends', '10', 'instant eilm', 'sheet'], [95.52152156829834, 99.06961917877197, 99.61833953857422, 99.44605231285095, 95.88587284088135, 99.93752837181091, 90.99569320678711, 99.40964579582214]]",99.06961917877197
46,pos (55).jpg,1,"[['instax'], [99.016672372818]]",99.016672372818
88,pos (57).jpg,1,"[['instax', 'fujifilm', 'fujifilm', 'instax ', 'mini', 'minifilm', 'valuepack', 'paquet', 'economique', 'minifilm', '60'], [97.84941077232361, 98.98217916488647, 78.49633693695068, 95.13785243034363, 99.48469996452332, 99.27085638046265, 99.37283992767334, 99.73745942115784, 99.39612150192261, 99.15794134140015, 98.90124797821045]]",98.98217916488647
56,pos (65).jpg,1,"[['mini', 'fujifilm', 'fujifilm', 'instax', 'mini', 'pink', 'lemonade', '10', 'instant', 'film'], [98.77786636352539, 98.91794323921204, 96.64981365203857, 97.1364438533783, 97.1364438533783, 99.80617165565491, 99.71187114715576, 99.84927773475647, 97.23042845726013, 97.23042845726013]]",98.91794323921204
36,pos (42).jpg,1,"[['instax', 'priceoutlet'], [98.90925288200378, 97.5276529788971]]",98.90925288200378
38,pos (50).jpg,1,"[['fumailm', 'instax', 'instax', 'mini', 'instaxmini11'], [88.47025632858276, 98.77867102622986, 95.63130736351013, 95.63130736351013, 88.39840292930603]]",98.77867102622986
80,pos (86).jpg,1,"[['fujifilm', 'fujifilm', 'instax', 'mini', 'confetti', 'instant', 'film'], [98.67413640022278, 98.46969842910767, 98.63555431365967, 98.63555431365967, 99.56681728363037, 96.14073634147644, 96.14073634147644]]",98.67413640022278
4,pos (9).jpg,1,"[['fuj fi', 'fujifilm', 'instax', 'mini', 'mono', 'chrome', 'instantifilm', '10'], [84.97598171234131, 97.66213893890381, 98.4941840171814, 98.4941840171814, 99.63522553443909, 99.6217429637909, 94.64721083641052, 99.96562004089355]]",98.4941840171814
39,pos (36).jpg,1,"[['instax'], [98.31240773200989]]",98.31240773200989
71,pos (77).jpg,1,"[['instax'], [98.00612926483154]]",98.00612926483154
97,pos (47).jpg,1,"[['fujifilm', 'ns1xwide3o0'], [97.84518480300903, 81.70747756958008]]",97.84518480300903
48,pos (54).jpg,1,"[['instax', 'mini'], [97.5068986415863, 97.5068986415863]]",97.5068986415863
29,pos (34).jpg,1,"[['fujifilm', 'instax', 'mini', 'black', '10'], [97.49810695648193, 96.4716911315918, 96.4716911315918, 99.89530444145203, 99.87480044364929]]",97.49810695648193
6,pos (13).jpg,1,"[['fujifilm', 'mini', 'fujifilm', 'instax', 'mini', 'blue', 'marble', '10', 'instant', 'film'], [97.3747730255127, 99.74571466445923, 96.94110751152039, 95.9917426109314, 95.9917426109314, 95.48751711845398, 95.48751711845398, 99.93124008178711, 95.7428514957428, 95.7428514957428]]",97.3747730255127
40,pos (44).jpg,1,"[['fujifilm', 'instax', 'mini'], [96.35909795761108, 97.3516047000885, 97.3516047000885]]",97.3516047000885
81,pos (90).jpg,1,"[['fujifilm', 'instax', 'mini'], [96.35909795761108, 97.3516047000885, 97.3516047000885]]",97.3516047000885
76,pos (84).jpg,1,"[['fujifilm', 'instax', 'mini'], [93.17846298217773, 97.2359836101532, 99.42898154258728]]",97.2359836101532
89,pos (80).jpg,1,"[['instax'], [96.88014388084412]]",96.88014388084412
58,pos (73).jpg,1,"[['fuifilm', 'instax', 'mini', 'link'], [88.22401762008667, 96.66112661361694, 96.66112661361694, 96.66112661361694]]",96.66112661361694
92,pos (97).jpg,1,"[['instax', 'mini', 'instax', 'mini', 'black', '10', 'black', '10'], [96.56158089637756, 96.56158089637756, 94.55864429473877, 94.55864429473877, 99.8012363910675, 99.88532066345215, 99.86976385116577, 76.74144506454468]]",96.56158089637756
84,pos (91).jpg,1,"[['fuj film', 'mini', 'fujifilm', 'c', 'instax', 'mini', 'instant', 'fila'], [98.64803552627563, 99.36246275901794, 95.70620059967041, 62.911081314086914, 96.31154537200928, 96.31154537200928, 87.04233765602112, 87.04233765602112]]",96.31154537200928
85,pos (95).jpg,1,"[['fuj film', 'instax', 'mini11', 'oofililacpunple'], [98.44435453414917, 96.05932831764221, 96.05932831764221, 82.98103213310242]]",96.05932831764221
90,pos (102).jpg,1,"[['fujifilm', 'o', 'instax', 'mini', 'ellokitty'], [95.80273628234863, 62.2867226600647, 93.41214895248413, 93.41214895248413, 98.63449931144714]]",95.80273628234863
64,pos (78).jpg,1,"[['mini', 'fujifilm', 'instax', 'mini', 'ionade'], [97.90618419647217, 94.26185488700867, 95.33926248550415, 95.33926248550415, 92.52775311470032]]",95.33926248550415
55,pos (64).jpg,1,"[['instax'], [95.33102512359619]]",95.33102512359619
93,pos (101).jpg,1,"[['fujifilm', 'kove', 'instax', 'mini', 'link2'], [88.52528929710388, 83.52873921394348, 94.8297381401062, 94.8297381401062, 94.8297381401062]]",94.8297381401062
7,pos (8).jpg,1,"[['fuj film', 'instax', 'ox'], [90.14217257499695, 94.48812007904053, 83.54756236076355]]",94.48812007904053
0,pos (5).jpg,1,"[['fusfiem', 'instax', 'mini', '40'], [71.98682427406311, 94.17751431465149, 94.17751431465149, 94.17751431465149]]",94.17751431465149
75,pos (51).jpg,1,"[['fujifilm', 'instax', 'mini', 'link'], [88.75856399536133, 94.04126405715942, 94.04126405715942, 94.04126405715942]]",94.04126405715942
17,pos (23).jpg,1,"[['  1   ', '24', 'fujifilm', 'instax', 'mini', 'evo'], [60.71697473526001, 70.20150423049927, 87.27859854698181, 93.66229772567749, 93.66229772567749, 93.66229772567749]]",93.66229772567749
3,pos (7).jpg,1,"[['fujifilm', 'instaxmini11'], [93.03014278411865, 96.73810005187988]]",93.03014278411865
47,pos (58).jpg,1,"[['instax', 'mini', '40'], [92.34821200370789, 92.34821200370789, 92.34821200370789]]",92.34821200370789
25,pos (30).jpg,1,"[['mini', 'tstant', 'camora', 'case', 'instax', 'mini', 'fuutfilm'], [73.70917201042175, 73.70917201042175, 73.70917201042175, 73.70917201042175, 92.10830330848694, 92.10830330848694, 75.90141296386719]]",92.10830330848694
21,pos (28).jpg,1,"[['fujifilm', 'fuj film', 'nstaxm', 'anstax', 'shiny', 'star', 'nstanteih'], [92.09034442901611, 89.38747644424438, 95.21514773368835, 85.43781638145447, 99.74810481071472, 99.4817852973938, 86.85939311981201]]",92.09034442901611
10,pos (14).jpg,1,"[['fujifilm', 'instaxshare'], [91.72266721725464, 90.13283252716064]]",91.72266721725464
50,pos (60).jpg,1,"[['fujifilm', 'fujifilm', 'fujfilm', 'tax', 'min', 'stax', 'min', 'mono', 'mono', 'mono', 'nstax', 'chrome', 'chrome', 'chrome', '10 ', '10 ', '10 '], [76.53704285621643, 91.69232845306396, 75.31808614730835, 67.46617555618286, 67.46617555618286, 75.77177286148071, 75.77177286148071, 98.36329817771912, 99.63193535804749, 99.7635543346405, 70.86397409439087, 99.67038035392761, 99.62634444236755, 99.56727027893066, 84.53497886657715, 96.819406747818, 95.30642628669739]]",91.69232845306396
5,pos (10).jpg,1,"[['instax', 'minil1'], [87.51217126846313, 87.51217126846313]]",87.51217126846313
60,pos (66).jpg,1,"[['fuj film', 'instax mini11'], [94.64753866195679, 93.78411173820496]]",82.81659632921219
52,pos (69).jpg,1,"[['fujifilm', 'fujnfilm'], [81.86601400375366, 89.56964015960693]]",81.86601400375366
15,pos (22).jpg,1,"[['fujmfilm', 'n e'], [91.15144610404968, 64.36652541160583]]",79.75751534104347
98,pos (94).jpg,1,"[['bntgsthyycot ', 'tinstax', 'mini', 'damleuazeses', '300', 'ice', 'white', '8', 's'], [53.54679226875305, 91.65918231010437, 91.65918231010437, 50.24334788322449, 99.52845573425293, 95.31508684158325, 95.31508684158325, 95.19820809364319, 54.74488139152527]]",76.38265192508698
44,pos (43).jpg,1,"[['fujfilm', 'instax', 'min8', 'ailuet'], [69.021075963974, 75.41126608848572, 75.41126608848572, 59.2506468296051]]",75.41126608848572
30,pos (35).jpg,1,"[['nstax', 'squaresa1'], [83.60646367073059, 83.60646367073059]]",69.67205305894217
101,pos (3).jpg,1,"[['uafmm', 'instpx'], [73.2384443283081, 79.61137294769287]]",66.34281078974406
221,neg (208).jpg,0,"[['solarpanel', 'mc4', 'wmh', 'connector female', ' ', 'male', 'mac', 'head', '4', 'x', '4', 'outdoor', 'accessories ', 'australia', 'anvoice', 'post', 'tuvrheinland', 'tax', 'invoice', 'certified', 'x40', 'sets', 'cradie', 'speca'], [95.26033401489258, 95.26033401489258, 97.73399233818054, 98.15205335617065, 98.15205335617065, 99.79280233383179, 97.590571641922, 97.590571641922, 97.590571641922, 97.590571641922, 97.590571641922, 97.590571641922, 97.590571641922, 99.71684217453003, 94.02286410331726, 97.1487045288086, 95.87954878807068, 99.66700077056885, 99.66700077056885, 97.93736338615417, 99.57507252693176, 99.9707579612732, 85.59464812278748, 78.18446159362793]]",49.833500385284424
266,neg (255).jpg,0,"[['webwww lowenergie com', 'lowenergie ', 'emaitinfo lowenergie com', 'designed', 'inthe', 'ukby', 'lowenergieltd', 'assembled', 'in', 'china', 'monocrystalline', 'solar', 'module', 'max', 'powervoltage ', 'maxpower ', '100w', '18v', 'max', 'power', 'current', 'open', 'circle', 'voltage', '5 56a', '22 54v', 'short', 'circuit', 'current', 'weight ', '5 96a', 'size ', '1200540 30r', '6 9kgs', 'power', 'tolerance ', '   3 ', 'maximum', 'system', 'voltage', 'dc1000v', 'ce', 'iso', 'standard', 'te', 'st', 'conditions 1000w m2 am1 5 25  2 c', 'thissolarmoduleproduceselectrical', 'voltage', 'whenexposed', 'to', 'sunlightorintense', 'must', 'betaken', 'while'], [96.71460390090942, 97.09300398826599, 97.60415554046631, 93.52204203605652, 93.52204203605652, 93.52204203605652, 98.13355207443237, 94.35853958129883, 94.35853958129883, 94.35853958129883, 95.8018958568573, 95.8018958568573, 95.8018958568573, 92.6635205745697, 92.6635205745697, 89.61321711540222, 97.04599380493164, 98.02239537239075, 92.3621118068695, 92.3621118068695, 92.3621118068695, 88.71162533760071, 88.71162533760071, 88.71162533760071, 99.80703592300415, 98.78687858581543, 92.74125099182129, 92.74125099182129, 92.74125099182129, 97.75670170783997, 92.80568957328796, 97.81869649887085, 89.29065465927124, 99.50873255729675, 95.2908992767334, 95.2908992767334, 96.66606187820435, 91.2907361984253, 91.2907361984253, 91.2907361984253, 91.2907361984253, 97.43056297302246, 88.40734958648682, 94.80909705162048, 94.80909705162048, 94.80909705162048, 94.80909705162048, 97.57549166679382, 94.71632242202759, 94.71632242202759, 94.71632242202759, 94.71632242202759, 92.18465089797974, 92.18465089797974, 92.18465089797974]]",46.76102101802826
8,pos (12).jpg,1,"[['instaxn s', 'boo'], [80.72419166564941, 57.98655152320862]]",40.36209583282471
256,neg (243).jpg,0,"[['crank', 'technics', 'heavy', 'duty', 'modified', 'original', 'tovrheinland', 'quality', 'certified', 'sud', 'cparts'], [97.46898412704468, 97.46898412704468, 96.78727388381958, 96.78727388381958, 99.65606927871704, 97.97508716583252, 90.97110629081726, 99.68835711479187, 98.96304607391357, 98.27273488044739, 87.08951473236084]]",37.37102597951889
315,neg (304).jpg,0,"[['certificate', 'ce', 'epre ', 'tifika', 'no 2010 c1814vd', 'quality', 'system', 'certificate', '13 06 3011', 'yoxon', 'th', 'i', 'cfy', 'tht', 'the', 'quny', 'manpnnee', 'sy', 'declaration', 'of', 'conformity', 'shanghaijiukaielectricwiress', 'cedecl', 'no 1099 ymbe', 'north', 'rond', 'cables', 'co ltd ', '7', 'nangiao', 'towe', 'fongcian', 'dirier', 'shanghai', 'city', 'p r china', 'ed', 'by', 'sin', 'cerifc', 'tukaioablerenaihnbn oom', 'd', 'found', 'to', 'comply', 'with', 'iso9091 2000', 'forthe', 'tovrheinlan', 'daars', 'sely', 'gh', 'sira', 'shenzhen', 'cce', 'test', 'electronic', 'co  ', 'ltd ', 'tot', 'report', 'no15069706 001', 'certification', 'declaration', 'of', 'conformity', 'declaration', 'of', 'conformity', 'quality', 'management', 'system', 'certificate', '0olts', '0o ld', 'shenzhen', 'sacred', 'industry', 'coltd ', 'p 0', 'gb t19001 2008', 'idt', 'iso9001 2008', 'nm', '4', 'a', 'rohs', 'e'], [94.6292519569397, 74.0247130393982, 94.39476728439331, 93.35023760795593, 80.14314770698547, 97.36679792404175, 97.36679792404175, 97.36679792404175, 73.89142513275146, 58.638644218444824, 69.54863667488098, 69.54863667488098, 69.54863667488098, 69.54863667488098, 69.54863667488098, 69.54863667488098, 69.54863667488098, 69.54863667488098, 69.54863667488098, 96.04467153549194, 96.04467153549194, 96.04467153549194, 95.52174210548401, 93.73405575752258, 70.99984884262085, 70.99984884262085, 70.99984884262085, 90.60508012771606, 90.60508012771606, 88.95629644393921, 70.42984366416931, 70.42984366416931, 68.54076385498047, 68.54076385498047, 75.76461434364319, 75.76461434364319, 84.98542308807373, 67.62932538986206, 67.62932538986206, 67.62932538986206, 67.62932538986206, 75.64188241958618, 79.62313294410706, 79.62313294410706, 79.62313294410706, 79.62313294410706, 79.62313294410706, 85.90198159217834, 92.34154224395752, 89.50371146202087, 81.0613751411438, 64.36894536018372, 64.36894536018372, 99.77551102638245, 91.0580575466156, 91.0580575466156, 91.0580575466156, 91.0580575466156, 91.0580575466156, 91.0580575466156, 79.79013919830322, 79.79013919830322, 79.79013919830322, 99.74399209022522, 95.98914384841919, 95.98914384841919, 95.98914384841919, 96.83218598365784, 96.83218598365784, 96.83218598365784, 95.28075456619263, 95.28075456619263, 95.28075456619263, 99.67195987701416, 61.26301288604736, 67.49846339225769, 95.04719972610474, 95.04719972610474, 95.04719972610474, 95.04719972610474, 57.73903727531433, 95.71146965026855, 95.71146965026855, 95.71146965026855, 64.850914478302, 54.508399963378906, 82.06427693367004, 98.47321510314941, 89.54749703407288]]",35.006339102983475
199,neg (100).jpg,0,"[['voltronice59', 'motor schutz', 'ceramic', 'based', 'engine', 'protector', 'motor', 'ol', 'treatment', 'oltrooi', 'e54', 'tuve', 'fotor schut', 'hurvgci', 'dakks', 'tuvsi', 'rersche', '1', 'dnino9oi20e', '300ml', 'made', 'd', 'in', 'germ', 'in', 'germany'], [98.45818877220154, 99.27363395690918, 86.80853247642517, 86.80853247642517, 86.80853247642517, 86.80853247642517, 88.60191702842712, 88.60191702842712, 88.60191702842712, 86.68037056922913, 61.368000507354736, 90.83027839660645, 94.16860938072205, 57.17149376869202, 82.41825103759766, 78.19482684135437, 58.830851316452026, 52.37014889717102, 60.8067512512207, 93.98862719535828, 99.23821687698364, 80.0538182258606, 80.0538182258606, 80.0538182258606, 99.87130761146545, 99.55102205276489]]",33.29043587048848
173,neg (57).jpg,0,"[['voltronice59', 'motor schutz', 'ceramic', 'based', 'engine', 'protector', 'motor', 'ol', 'treatment', 'oltrooi', 'e54', 'tuve', 'fotor schut', 'hurvgci', 'dakks', 'tuvsi', 'rersche', '1', 'dnino9oi20e', '300ml', 'made', 'd', 'in', 'germ', 'in', 'germany'], [98.45818877220154, 99.27363395690918, 86.80853247642517, 86.80853247642517, 86.80853247642517, 86.80853247642517, 88.60191702842712, 88.60191702842712, 88.60191702842712, 86.68037056922913, 61.368000507354736, 90.83027839660645, 94.16860938072205, 57.17149376869202, 82.41825103759766, 78.19482684135437, 58.830851316452026, 52.37014889717102, 60.8067512512207, 93.98862719535828, 99.23821687698364, 80.0538182258606, 80.0538182258606, 80.0538182258606, 99.87130761146545, 99.55102205276489]]",33.29043587048848
274,neg (260).jpg,0,"[['tuv', 'rheinland', 'stob', 'dampfer', 'test', '6'], [96.9553291797638, 96.9553291797638, 94.56239938735962, 98.21133613586426, 99.79016184806824, 62.96620965003967]]",33.26338728268941
138,neg (40).jpg,0,"[['100 ', 'tuve', 'made', 'in', 'germany', 'sicherheit', 'gepruft'], [96.5308666229248, 89.59144949913025, 99.75852370262146, 99.75852370262146, 99.94983077049255, 99.52462315559387, 99.25427436828613]]",33.25284123420715
126,neg (27).jpg,0,"[['ona', 'tuv', 'thuringen', 'zertifiziorte', 'wirksamkeit', 'certified', 'offectivoness', '8151 011 11 20', 'tic'], [99.73268508911133, 90.82491993904114, 99.64442849159241, 90.71399569511414, 90.71399569511414, 86.03562116622925, 86.03562116622925, 97.61008620262146, 97.74578213691711]]",33.24422836303711
305,neg (292).jpg,0,"[['tuvrheinland', 'gepruifte', 'zertifiziert', 'sicherheit', 'bpa', 'free', 'max', '1 0l', '0 5l', 'min', 'grafner', 'www tuv com', 'id', '1111225348'], [99.11428093910217, 90.63453674316406, 99.52582716941833, 99.72402453422546, 99.94862675666809, 99.82383251190186, 99.57588315010071, 62.72991895675659, 95.2795684337616, 99.3734359741211, 99.37600493431091, 98.36914539337158, 96.36361002922058, 96.36361002922058]]",33.19196105003357
311,neg (298).jpg,0,"[['cb', 'ce', 'rohs', 'erp', 'selv', 'tuvrheinland', 'siatom', 'certified', 'lighting', 'item', 'yn blp40w22100   a', 'ra', ' 80', 'power', '40w', 'cct', '3000k 4000k 6500k', 'inputvoltage', '220 240v', 'pf', ' 0 9', 'flickerfree', 'lumen', '4000lm', 'lifetime', '50 000', 'hours', 'driverbrand', 'philips', 'certificates', 'tuv ce cb rosh erp'], [99.93593692779541, 96.87991142272949, 88.6634349822998, 92.8717315196991, 99.53005909919739, 91.08209013938904, 99.59021210670471, 97.38488793373108, 99.72330331802368, 99.57384467124939, 99.24964904785156, 99.82029795646667, 99.65233206748962, 99.6758759021759, 99.41585659980774, 99.45876002311707, 99.37765598297119, 99.61426258087158, 99.60139393806458, 99.69452619552612, 94.12945508956909, 94.12945508956909, 99.75308179855347, 98.70271682739258, 99.54056739807129, 91.76426529884338, 91.76426529884338, 99.12834763526917, 97.43768572807312, 99.56293106079102, 92.52890348434448]]",33.19128155708313
189,neg (91).jpg,0,"[['ona', 'ce', 'tuve', 'thuringen', 'cert', 'iso', '9001', '15', '100', '127999'], [99.55762028694153, 70.36217451095581, 78.87893915176392, 99.67474341392517, 93.38091015815735, 93.97680759429932, 93.97680759429932, 92.48325824737549, 92.48325824737549, 92.48325824737549]]",33.18587342898051
283,neg (277).jpg,0,"[['vehicle', 'fit', 'tested', 'production', 'annual', 'surveillance', 'tuvrheinland', 'tested', 'id8900028000', 'www tuv com'], [91.60022735595703, 91.60022735595703, 91.60022735595703, 99.56724047660828, 96.94464802742004, 95.8406150341034, 98.00586104393005, 99.48576092720032, 97.83541560173035, 98.73868823051453]]",33.16192030906677
303,neg (287).jpg,0,"[['27', '1920x', '1080', 'fhd', 'tuvrheinland', 'certified', 'ops', '178', 'ips', 'panel', 'with', 'technology', 'anti flicker', 'less', 'blue', 'light', 'adjustable', 'stand', 'display', 'kit', 'app', 'vesa', 'mountable', 'wide', 'viewing', 'angle'], [99.94644522666931, 90.90207815170288, 90.90207815170288, 99.60861206054688, 98.26775193214417, 99.55809116363525, 72.51388430595398, 99.8986005783081, 91.13913774490356, 91.13913774490356, 91.13913774490356, 98.4635055065155, 98.33865761756897, 94.92915272712708, 94.92915272712708, 94.92915272712708, 99.46300983428955, 99.46300983428955, 95.61499953269958, 95.61499953269958, 95.61499953269958, 95.9549069404602, 95.9549069404602, 94.35538053512573, 94.35538053512573, 94.35538053512573]]",33.15433661142985
258,neg (248).jpg,0,"[['certification', 'sgs', 'igaf', 'test', 'report'], [99.83800053596497, 99.7464656829834, 73.51319789886475, 99.34889078140259, 99.34889078140259]]",33.116296927134194
222,neg (212).jpg,0,"[['23 8 ', '1920', 'x', '1080', 'fhd', 'reddot', 'winner', '2021', 'tuvrheinland', 'certified', ' 178 ', 'gran', 'angulo', 'de', 'vision', 'ips', 'anti flicker', 'reduccion', 'de', 'la', 'luz', 'azul', 'soporte', 'ajustable', 'display', 'kit', 'app', 'tipo', 'c', ' ', 'displayport', 'altavoces', 'soporte', 'vesa', 'incorporados', 'hsi'], [92.60727167129517, 91.66635870933533, 91.66635870933533, 91.66635870933533, 99.81207251548767, 96.49636149406433, 96.49636149406433, 96.49636149406433, 99.22005534172058, 99.42079186439514, 79.13579940795898, 96.69930934906006, 96.69930934906006, 96.69930934906006, 96.69930934906006, 96.69930934906006, 96.69930934906006, 96.69930934906006, 96.69930934906006, 96.69930934906006, 96.69930934906006, 96.69930934906006, 96.69930934906006, 96.69930934906006, 97.92133569717407, 97.92133569717407, 97.92133569717407, 98.29389452934265, 98.29389452934265, 98.29389452934265, 98.29389452934265, 98.51307272911072, 99.30615425109863, 99.30615425109863, 99.52101707458496, 66.69819951057434]]",33.102051417032875
291,neg (282).jpg,0,"[['podcademy', 'island', 'die', 'wissens', 'wohlfuhlinsel', 'der', 'tuvrheinland', 'akademie', 'tuvrheinland'], [99.95349049568176, 99.11165833473206, 95.47374844551086, 95.47374844551086, 99.69748854637146, 96.71059250831604, 96.71059250831604, 99.74015951156616, 96.23993039131165]]",33.03721944491068
308,neg (297).jpg,0,"[['bmag', 'gbo', 'bmag', 's', 'international', 'tuvrheinland', ' ', 'standards', 'worldwide', 'astm', 'f963'], [99.6594488620758, 97.49139547348022, 97.49139547348022, 70.7456648349762, 99.78367686271667, 98.91930222511292, 51.51267051696777, 95.91281414031982, 95.91281414031982, 99.02070164680481, 99.02070164680481]]",33.00690054893494
142,neg (44).jpg,0,"[['sertifika', 'tic', 'iso', '9001 2008 e', 'gore', 'yonetim', 'sistemi', 'rosecrori', 'dogrutvriunda', 've', 'dzentenolor', 'ile', 'syumu', 'metal', 'pres', 'makina', 'san ', 'eamyok15bloxno', 'tic ', 'ltd ', 'sti ', 'istsnbil tonkye', 'onvont ', 'kunulujun ', 'belitilen', 's', 'katba', 'dokom', 'makineleri', 've', 'ekipmanlari', 'tasanms ', 'uretimi', 've', 'sorvisi', 'tell', 'neti500', 'srin ', '3085', 'tuv ', '  214 06 16', 'afs', 'tic'], [92.03484058380127, 91.64180755615234, 94.82957720756531, 94.82957720756531, 94.82957720756531, 98.106449842453, 98.106449842453, 72.33856320381165, 72.33856320381165, 72.33856320381165, 72.33856320381165, 72.33856320381165, 72.33856320381165, 98.97788763046265, 98.97788763046265, 98.97788763046265, 98.97788763046265, 61.64523959159851, 89.71665501594543, 89.71665501594543, 89.71665501594543, 68.47081780433655, 83.59271287918091, 83.59271287918091, 83.59271287918091, 83.59271287918091, 92.70671606063843, 92.70671606063843, 92.70671606063843, 92.70671606063843, 92.70671606063843, 92.70671606063843, 93.28034520149231, 93.28034520149231, 93.28034520149231, 59.955304861068726, 59.955304861068726, 76.2215256690979, 76.2215256690979, 76.71980857849121, 76.45636200904846, 65.89723229408264, 88.1706714630127]]",32.99262921015421
200,neg (101).jpg,0,"[['unitec', 'safety', 'tools', 'tuve', 'iso', 'thuringen', '9001 2015', 'materials', 'certified'], [98.72434735298157, 96.22376561164856, 96.22376561164856, 83.23656916618347, 83.30772519111633, 99.72200393676758, 98.85482788085938, 99.83363747596741, 99.72935914993286]]",32.90811578432719
232,neg (220).jpg,0,"[['vehicle', 'fit', 'testod', 'aroduction', 'surveillence', 'tovrheinland', 'tested', '90002800'], [84.41886901855469, 84.41886901855469, 84.41886901855469, 71.08118534088135, 88.00306916236877, 93.68587136268616, 98.40335249900818, 82.55400657653809]]",32.80111749966939
225,neg (203).jpeg,0,"[['user', 'friendly', 'user', 'tested', 'tuvrheinland', 'certified', 'www tuv com', 'id 1111210393', 'validated ', 'samsung', 'smart', 'tv', 'validation', 'with', 'the', 'one', 'suhdtv', 'remote', 'control', 'quantum', 'dot'], [99.51807856559753, 99.51807856559753, 97.35850691795349, 97.35850691795349, 99.74767565727234, 99.92716908454895, 99.6232807636261, 89.81378078460693, 98.34262132644653, 98.34262132644653, 98.34262132644653, 98.34262132644653, 96.60560488700867, 96.60560488700867, 96.60560488700867, 96.60560488700867, 97.34994769096375, 99.96175765991211, 99.96175765991211, 96.48081064224243, 96.48081064224243]]",32.452835639317826
268,neg (257).jpg,0,"[['10', 'pack', 'fit', 'diameter1 26 1 38', 'inch', ' 32 35', 'mm '], [99.12188649177551, 99.12188649177551, 97.274249792099, 97.274249792099, 97.274249792099, 97.23788499832153, 97.23788499832153]]",32.42474993069966
123,neg (24).jpg,0,"[['tuv3', 'test', 'report', 'tuy'], [77.31343507766724, 96.86946272850037, 96.86946272850037, 57.27077126502991]]",32.28982090950012
120,neg (21).jpg,0,"[['tuve', 'vasa', 'bezpecnost', 'v', 'dobrych', 'rukach', 'www tuv thueringen sk'], [85.2045476436615, 96.77181243896484, 96.77181243896484, 97.0366358757019, 97.0366358757019, 97.0366358757019, 98.43927025794983]]",32.25727081298828
59,pos (56).jpg,1,"[['instaxidea', 'booklet'], [96.46182656288147, 96.46182656288147]]",32.15394218762715
310,neg (299).jpg,0,"[['4', 'sets', ' ', 'solar', 'panel', 'wmhu', 'mc4', 'connector', ' ', 'female', ' ', 'male', 'mac', 'head', '4', 'x', '4', 'outdoor', 'accessories ', 'australia', 'post', 'tuvrheinland', 'certified'], [97.16474413871765, 97.16474413871765, 97.16474413871765, 97.16474413871765, 97.16474413871765, 84.70568656921387, 92.32485294342041, 92.32485294342041, 92.32485294342041, 93.5919463634491, 93.5919463634491, 93.5919463634491, 97.590571641922, 97.590571641922, 97.590571641922, 97.590571641922, 97.590571641922, 97.590571641922, 97.590571641922, 99.75075125694275, 96.28894329071045, 99.20836091041565, 99.29592609405518]]",32.096314430236816
125,neg (26).jpg,0,"[['na ', 'tuve', 'in', 'thuriwgen', 'cert', '10', 'i50 9001', 'tic', 'sacalaskabvepasacaksa pskukta olasakseceblesiniz'], [83.75272750854492, 83.1125557422638, 96.22563123703003, 88.43522667884827, 99.52436089515686, 98.16014766693115, 73.35718870162964, 85.15623211860657, 75.6025493144989]]",32.07521041234334
127,neg (28).jpg,0,"[['tuve', 'stiftung', 'warentest', 'empfiehlt', 'tuve', 'fur', 'einen', 'festen', 'stand', 'ce', 'die', 'ein seil technik', 'heft', '12 2004seite', '59'], [84.21093821525574, 96.6272234916687, 96.6272234916687, 98.65531921386719, 71.3249146938324, 95.63501477241516, 95.63501477241516, 95.63501477241516, 95.63501477241516, 92.71761178970337, 97.36544489860535, 97.36544489860535, 95.7502007484436, 95.7502007484436, 95.7502007484436]]",31.878338257471718
162,neg (68).jpg,0,"[['melchendorfer', 'stral', 'honorarkonsulat', 'der', 'republik', 'l', 'tuv6', 'tuves', 'tov', 'thi', 'exp'], [95.37556171417236, 95.37556171417236, 96.50865197181702, 96.50865197181702, 96.50865197181702, 96.50865197181702, 77.2812008857727, 78.57049703598022, 83.09178948402405, 83.09178948402405, 99.33350682258606]]",31.79185390472412
113,neg (10).jpg,0,"[['certificate', 'tic', 'according', 'to', 'iso', '9001 2015', 'for', 'the', 'management', 'system', 'the', 'oof', 'or', 'the', 'onto', 'private', 'joint', 'stock', 'company', 'afteramkuzmn', 'hotrolled forg', '5', '0097c', '258 '], [99.73867535591125, 99.4866669178009, 92.30774641036987, 92.30774641036987, 92.30774641036987, 92.30774641036987, 95.00200748443604, 95.00200748443604, 95.00200748443604, 95.00200748443604, 65.34815430641174, 65.34815430641174, 65.34815430641174, 65.34815430641174, 65.34815430641174, 89.91127610206604, 89.91127610206604, 89.91127610206604, 89.91127610206604, 89.6024763584137, 62.345391511917114, 58.51348042488098, 61.243265867233276, 64.16739821434021]]",31.667335828145344
210,neg (201).jpeg,0,"[['folding', 'step', 'stool'], [94.96569037437439, 94.96569037437439, 94.96569037437439]]",31.655230124791462
143,neg (45).jpg,0,"[['mit', 'sicherheit', 'in', 'guten', 'handen ', 'do', 'eu', 'letbld', 'deg', 'tovtnringen', 'tuv', 'thuringen'], [98.46755266189575, 98.46755266189575, 94.96418237686157, 94.96418237686157, 94.96418237686157, 67.9179310798645, 67.9179310798645, 67.9179310798645, 67.9179310798645, 67.9179310798645, 95.3277587890625, 96.4141309261322]]",31.654727458953857
275,neg (267).jpg,0,"[['infinitte', 'soulr', 'ce', 'ui', 'tuvrh', ' ', 'nland', 'apply', 'to', 'australian', 'standard', 'solar', 'system', 'one', 'pair', '6', '6', 'meters', 'meters', '6', 'meters', '4mm', 'extension', 'solar', 'cable', 'rohs', 'specialize', 'inflexible', 'solar', 'solution'], [73.16034436225891, 56.928783655166626, 85.5863630771637, 70.36354541778564, 98.5659122467041, 80.00183701515198, 84.2882513999939, 94.74554061889648, 94.74554061889648, 94.74554061889648, 94.74554061889648, 94.74554061889648, 94.74554061889648, 99.71930384635925, 99.81920719146729, 99.73790645599365, 99.82293248176575, 99.74058270454407, 99.73626732826233, 99.5077133178711, 99.5077133178711, 99.5077133178711, 99.5077133178711, 99.5077133178711, 99.5077133178711, 99.79299306869507, 96.84878587722778, 96.84878587722778, 96.84878587722778, 96.84878587722778]]",31.581846872965492
194,neg (95).jpg,0,"[['technical', 'approval', 'tuv', ' technischer', 'uberwachungsverein ', 'certified', 'gasoline', 'diesel', 'approwed', 'by', 'tuv', 'thuringen ', 'bullsoneshot', 'assures', 'customers', 'remarkable', 'engine ', 'erformances', 'in', 'redution', 'of', 'wear', 'and', 'formation', 'of', 'carbon', 'deposits', 'in', 'the', 'mardware', 'specialist', 'o', 'tirst', 'erst', 'cehire'], [98.29373955726624, 98.29373955726624, 99.34173822402954, 99.34173822402954, 99.34173822402954, 99.34173822402954, 99.86449480056763, 99.60642457008362, 96.05653285980225, 96.05653285980225, 96.05653285980225, 96.05653285980225, 96.05653285980225, 96.05653285980225, 96.05653285980225, 96.05653285980225, 94.69510316848755, 94.50517892837524, 94.50517892837524, 94.50517892837524, 94.50517892837524, 94.50517892837524, 94.50517892837524, 94.50517892837524, 94.50517892837524, 94.50517892837524, 94.50517892837524, 94.50517892837524, 94.50517892837524, 80.02835512161255, 80.02835512161255, 80.02835512161255, 80.02835512161255, 80.02835512161255, 80.02835512161255]]",31.501726309458412
206,neg (2).jpg,0,"[['zertifiziert', 'durch', 'tuv', 'thuringen', 'iso', '9001', ' id 15', '100', '74485', 'www tuev thueringen de'], [97.22633361816406, 97.22633361816406, 93.7101662158966, 99.85445737838745, 94.19849514961243, 94.19849514961243, 94.19849514961243, 94.19849514961243, 94.19849514961243, 99.26915764808655]]",31.39949838320414
114,neg (15).jpg,0,"[['certificate', 'tho', 'coi', 'zovos eko', 's r o ', 'sk ', '951', '24', 'cab', 'cab', '268', 'comprgh', 'din', 'en', 'iso', '3834', '3', 'tuve'], [99.66148138046265, 76.54514908790588, 76.54514908790588, 95.38402557373047, 95.38402557373047, 98.40208888053894, 98.40208888053894, 98.40208888053894, 98.40208888053894, 92.61522889137268, 92.61522889137268, 79.39411401748657, 93.84663701057434, 93.84663701057434, 93.84663701057434, 93.84663701057434, 93.84663701057434, 93.84663701057434, 96.25173807144165]]",31.282212336858112
195,neg (96).jpg,0,"[['ceri', 'tuve', 'ceh', 'certificate', 'quality', 'management', 'according', 'to', 'iso', 'international', 'standards', 'cert', 'ind', 'expoet', 'increasing', 'rat', 'monil'], [83.80690217018127, 79.28305864334106, 69.73554491996765, 99.85340237617493, 93.11137795448303, 93.11137795448303, 93.11137795448303, 86.29928231239319, 86.29928231239319, 86.29928231239319, 86.29928231239319, 97.06301689147949, 93.72677803039551, 93.72677803039551, 93.72677803039551, 82.75709748268127, 82.75709748268127]]",31.242259343465168
314,neg (200).jpeg,0,"[[' ', 'tuv', 'rheinland', 'iso', '9001'], [84.97044444084167, 96.47278189659119, 96.47278189659119, 93.33270788192749, 93.33270788192749]]",31.110902627309162
187,neg (88).jpg,0,"[['zertifiziert', 'durch', 'tuve', 'thuringen', 'iso', '9001 id 15', '100', '0786', 'www tuev thueringen de'], [98.54462146759033, 98.54462146759033, 79.0675163269043, 99.77278113365173, 93.22753548622131, 93.22753548622131, 93.22753548622131, 93.22753548622131, 99.02708530426025]]",31.07584516207377
150,neg (52).jpg,0,"[['tuve', 'iso', 'thuringen', '900120', 'materials', 'certified', 'high', 'quality', 'manufactured', 'in', 'is0', '9001 2015', 'environment', 'and', 'tuv', 'materials', 'certified'], [85.31064987182617, 88.79685997962952, 99.64563846588135, 88.85928988456726, 99.77006912231445, 99.64219331741333, 96.21320366859436, 96.21320366859436, 96.21320366859436, 93.22020411491394, 93.22020411491394, 93.22020411491394, 93.22020411491394, 96.24438285827637, 96.24438285827637, 96.24438285827637, 96.24438285827637]]",31.073401371637978
157,neg (59).jpg,0,"[['tuve', 'mit', 'sicherheit', 'in', 'guten', 'handen '], [76.28808617591858, 92.96106100082397, 92.96106100082397, 92.96106100082397, 92.96106100082397, 92.96106100082397]]",30.98702033360799
69,pos (79).jpg,1,"[['ofuuafin', 'suxeilm', 'instaxmini', '10'], [51.21484994888306, 52.31868624687195, 92.77257919311523, 92.77257919311523]]",30.924193064371742
231,neg (222).jpg,0,"[['metal', 'signallamp', 'cea', 'cmp', 'mq30c 10'], [92.76031255722046, 92.76031255722046, 92.6072895526886, 95.65114974975586, 96.86943292617798]]",30.92010418574015
244,neg (232).jpg,0,"[['ect', 'the', 'wist', 'of', 'ther', 'saey', 'dical', 'gade', 'eme', 'nt', 'at', 'any', 'ti'], [92.36491918563843, 92.36491918563843, 92.36491918563843, 92.36491918563843, 92.36491918563843, 62.81787157058716, 82.4225902557373, 82.4225902557373, 82.4225902557373, 83.0346167087555, 83.0346167087555, 83.0346167087555, 83.0346167087555]]",30.788306395212807
119,neg (20).jpg,0,"[['the', 'ultimate', 'tuve', 'in', 'high', 'performance', 'thuringen', 'certified', 'effectiveness', 'voltronic'], [94.70552802085876, 94.70552802085876, 79.90593910217285, 92.23967790603638, 92.23967790603638, 99.65673685073853, 99.69231486320496, 95.50103545188904, 95.50103545188904, 94.04272437095642]]",30.746559302012123
145,neg (47).jpg,0,"[['tuve', 'test', 'repo', 'tuve'], [77.40784287452698, 89.97457027435303, 89.97457027435303, 96.24856114387512]]",29.99152342478434
277,neg (270).jpg,0,"[['prinihissen', 'umwematagtenen', 'on', 'e', 't auftage', 'die', 'iso', '14001 2015', '4'], [66.09254479408264, 66.09254479408264, 59.72557067871094, 59.72557067871094, 59.72557067871094, 54.01257276535034, 89.03542757034302, 89.03542757034302, 89.03542757034302, 51.99630260467529]]",29.678475856781006
191,neg (93).jpg,0,"[['tuvkarpat', 'er', 'tuv', 'unng', 'ccr', 'certificari', 'iso', 'cunri', 'seminaril', 'traininguri', 'pentru', 'sisteme', 'de', 'managomont', 'cu', 'siguranta', 'pe', 'maini', 'bune', 'tuve', 'thoringen'], [90.2079701423645, 67.87071228027344, 67.87071228027344, 67.87071228027344, 67.87071228027344, 67.87071228027344, 83.91278386116028, 83.91278386116028, 85.53171157836914, 85.53171157836914, 85.53171157836914, 85.53171157836914, 89.91929292678833, 89.91929292678833, 89.91929292678833, 90.86558818817139, 90.86558818817139, 90.86558818817139, 90.86558818817139, 90.86558818817139, 80.66025376319885, 97.321617603302]]",27.970927953720093
94,pos (82).jpg,1,"[['instaxmini', 'link'], [81.45999908447266, 81.45999908447266]]",27.15333302815755
141,neg (43).jpg,0,"[['tuve', 'anerkennung', 'als', 'fachdozent', 'herr', 'sergey', 'iae', 'chdozent', 'tuv', 'akademie', 'terr', 'serg', 'a'], [85.84582805633545, 98.21227192878723, 98.21227192878723, 98.21227192878723, 77.81978249549866, 77.81978249549866, 77.81978249549866, 85.45428514480591, 85.45428514480591, 85.45428514480591, 85.33827066421509, 85.33827066421509, 88.31676244735718]]",25.93992749849955
286,neg (278).jpg,0,"[['r', 'a', 'a', 'ce', 'is0', 'tovrheinlond', '13485', 'fsc', 'pnmedical en alibaba com', '1'], [93.28382015228271, 98.86873960494995, 69.7540283203125, 65.06728529930115, 76.61392092704773, 90.95626473426819, 99.62227940559387, 88.69021534919739, 97.52443432807922, 97.79644012451172]]",25.537973642349243
110,neg (14).jpg,0,"[['tic', 'certificate', 'frth', 'manament', 'system', 'according', 'toi509001 2015andi5014091 2015', 'and', 'iso', '45001 2018', 'of', 'organization', 'ithannin', ' lictoss', 'soop', 'aren', 'of', 'cti', 'w', '1003 0', 'tuves', 'o', 'edns'], [99.5770275592804, 99.73567724227905, 76.48698091506958, 76.48698091506958, 76.48698091506958, 76.48698091506958, 80.2355945110321, 75.11888146400452, 75.11888146400452, 75.11888146400452, 89.85923528671265, 89.85923528671265, 66.31816625595093, 66.31816625595093, 77.04605460166931, 79.77300882339478, 79.77300882339478, 79.77300882339478, 51.23911499977112, 65.77656865119934, 93.4109091758728, 51.767122745513916, 66.04048609733582]]",25.495660305023193
317,neg (303).jpg,0,"[['ce', 'da', 'hi', 'tuvrheinland', 'certified', 'iec', '61296 2', 'mit', 'tasche', '5', 'meter', '3phase', '22kw', '32a', '00', 'type', '2', 'to', 'type', '2'], [78.2444715499878, 97.09317088127136, 97.09317088127136, 99.30322170257568, 99.80229139328003, 98.71902465820312, 98.71902465820312, 99.54416155815125, 99.54416155815125, 99.95002150535583, 99.95002150535583, 99.58444237709045, 99.98095035552979, 99.99387860298157, 59.596604108810425, 97.11089730262756, 97.11089730262756, 97.11089730262756, 97.11089730262756, 97.11089730262756]]",24.950572848320007
234,neg (211).jpg,0,"[['sus', 'eye', 'care', 'monitor', 'tuvrheinland', 'certified', 'sus'], [75.5791962146759, 99.45622682571411, 99.45622682571411, 99.1561770439148, 99.29725527763367, 99.79546070098877, 86.51452660560608]]",24.948865175247192
23,pos (26).jpg,1,"[['mini', 'nstantfilm', '20pcs', 'fit fuji', 'pat', 'mini7s', 'mini8', 'mini8', 'minis0', 'mini90'], [99.78480339050293, 87.55526542663574, 99.59949254989624, 89.76304531097412, 89.76304531097412, 89.76304531097412, 89.76304531097412, 89.76304531097412, 89.76304531097412, 89.76304531097412]]",24.946200847625732
300,neg (294).jpg,0,"[['a', 'buyer', 'you', 'cat', 'ce', 'cr', 'fda', 'ebay', 'tqc', 'a', 'tuvrheinland', 'trust', 'precisely', 'right ', 'click', 'to', 'view', 'approved', 'tqc 5 1193', 'toprated', 'seller', 'our', 'abay', 'shop', 'approved', 'certified', 'iaf mra', '4o', 'face', 'masks', ' ', 'wholesale', 'price', 'ebay', 'top', 'rated', 'plus', 'ebay', 'usaseller', 'sati', '30', '100 ', 'guaranteed', 'money', 'baci', 'safe', 'mask', 'safe', 'masn', 'masi', 'lask', '20', 'bags', ' 40', 'face', 'masks '], [93.22972893714905, 93.22972893714905, 93.22972893714905, 93.22972893714905, 93.22972893714905, 74.79234337806702, 74.79234337806702, 97.89979457855225, 99.35221076011658, 98.9493191242218, 92.66216158866882, 98.72303605079651, 99.93544816970825, 95.47504782676697, 95.47504782676697, 98.96794557571411, 98.96794557571411, 98.96794557571411, 99.93138313293457, 99.99281167984009, 96.07207179069519, 96.07207179069519, 95.37295699119568, 95.37295699119568, 95.37295699119568, 99.77765083312988, 99.4044542312622, 99.36924576759338, 98.30734729766846, 98.30734729766846, 98.30734729766846, 98.30734729766846, 98.30734729766846, 98.30734729766846, 98.21903109550476, 99.77974891662598, 97.86127209663391, 99.79618787765503, 99.83618259429932, 99.38252568244934, 89.68706727027893, 99.18961524963379, 99.93712902069092, 99.68180656433105, 96.41559720039368, 96.41559720039368, 93.88415813446045, 93.88415813446045, 93.83208155632019, 93.83208155632019, 78.66978049278259, 69.33295726776123, 99.95535612106323, 99.95535612106323, 99.12746548652649, 99.12746548652649, 99.12746548652649]]",24.94441270828247
285,neg (274).jpg,0,"[['50', 'x', ' ', 'tuvrheinland', 'certified'], [99.99758005142212, 82.34930038452148, 85.2956771850586, 99.14431571960449, 99.74467754364014]]",24.936169385910034
176,neg (56).jpg,0,"[['arbag', 'uyumlu', 'tuve'], [94.0313458442688, 99.74014163017273, 87.3115062713623]]",24.935035407543182
313,neg (300).jpg,0,"[['proim', 'prol ', 'turtle', 'turtle', 'tuvrheinland', 'certified'], [72.39139676094055, 86.47710084915161, 99.66728687286377, 99.71992373466492, 99.26374554634094, 99.22254085540771]]",24.92998093366623
289,neg (265).jpg,0,"[['a', 'tuv', 'misol'], [93.34014058113098, 98.19619059562683, 99.7096836566925]]",24.927420914173126
276,neg (264).jpg,0,"[['6', 'x', ' ', 'tuvrheinland', 'certified', 's', 's', 's', 'satery', 'satery', 'rm250', 's', 'rm250', 'smoke', 'alarm', 'smoke', 'alarm', '1y', '1y', 'de', 'rauchwarnmelder', 'de', 'rauchwarnmelder', 'fr', 'detecteur', 'de', 'fumee', 'fr', 'derecteur', 'de', 'fumee', 'nl', 'rookmelder', 'rryplaceabley', 'nl', 'rookmelder', 'zertifizicat', 'zertifiziery', '0112165'], [71.09816074371338, 58.57919454574585, 91.74376130104065, 99.80023503303528, 99.70270991325378, 76.27955079078674, 73.1749951839447, 68.9882755279541, 61.73412203788757, 75.64246654510498, 99.31136965751648, 74.7174084186554, 99.48738217353821, 96.20221853256226, 96.20221853256226, 96.61049246788025, 96.61049246788025, 62.56483197212219, 63.20137977600098, 95.75785398483276, 95.75785398483276, 93.20207238197327, 93.20207238197327, 87.10454106330872, 87.10454106330872, 87.10454106330872, 87.10454106330872, 90.98946452140808, 90.98946452140808, 90.98946452140808, 90.98946452140808, 94.8341965675354, 94.8341965675354, 63.25671672821045, 94.8436439037323, 94.8436439037323, 92.88681149482727, 96.69490456581116, 70.46350240707397]]",24.925677478313446
267,neg (252).jpg,0,"[['yro', 'sola', 'dcisolator', 'switch', 'e', 'a', 'flexible', 'handle', 'clicktobuy', 'thickened', 'copper', 'alloy', 'contacts'], [92.28940606117249, 94.95330452919006, 94.95330452919006, 94.95330452919006, 82.93328285217285, 87.17771172523499, 99.66636896133423, 99.73071217536926, 69.66906189918518, 97.05962538719177, 97.05962538719177, 97.05962538719177, 97.05962538719177]]",24.916592240333557
196,neg (98).jpg,0,"[['airbag', 'uyumlu', 'guvenliginiz', 'onceligimiz ', 'tuvea', 'tovthorinden', 'oretins'], [99.70903992652893, 99.66578483581543, 92.27659106254578, 94.0031349658966, 69.28996443748474, 83.14578533172607, 90.04508852958679]]",24.916446208953857
216,neg (206).jpg,0,"[['5', 'x', 'mc4', 'pairs', 'triple', 'triple', 'over400', 'sold'], [98.27560782432556, 98.27560782432556, 98.27560782432556, 98.27560782432556, 99.2267906665802, 99.4910717010498, 96.14565372467041, 96.14565372467041]]",24.87276792526245
211,neg (201).jpg,0,"[['a', 'tuvrheinland', 'certified'], [97.05215692520142, 97.41047024726868, 99.43060278892517]]",24.857650697231293
217,neg (205).jpeg,0,"[['23', 'fullhd', '1080', 'sus', 'eye', 'care', 'monitor', 'a', 'tovrheinland', 'certified', 'asus'], [99.99505281448364, 99.39672946929932, 99.85151290893555, 82.40968585014343, 94.21184062957764, 94.21184062957764, 98.9971935749054, 96.53456807136536, 97.76747226715088, 98.83909225463867, 79.96159195899963]]",24.84918236732483
262,neg (249).jpg,0,"[['energ', 'tovrheinland', 'certified', 'nimh akku', '950'], [99.17378425598145, 93.49866509437561, 99.39601421356201, 79.0919840335846, 79.0919840335846]]",24.849003553390503
220,neg (209).jpg,0,"[['r', 'tuvrheinland', 'certified', 'vss', 'suspension'], [81.99365139007568, 99.00842308998108, 99.39135313034058, 67.9654061794281, 97.18155860900879]]",24.847838282585144
224,neg (213).jpg,0,"[['tovrheinland', 'certified'], [98.60404133796692, 99.37775731086731]]",24.844439327716827
304,neg (295).jpg,0,"[['asus', 'tuvrheinland', 'certified', 'agls'], [78.35144400596619, 93.68839263916016, 99.10271763801575, 61.880290508270264]]",24.775679409503937
237,neg (228).jpg,0,"[['delagreen', 'e', '3', 'meters', 'type1', 'to', 'type2', 'charging', 'cable', '16a 32a', 'multiple', 'length', 'available'], [99.1093635559082, 71.75049781799316, 95.90238928794861, 95.90238928794861, 96.92584276199341, 96.92584276199341, 96.92584276199341, 96.92584276199341, 96.92584276199341, 97.93446660041809, 97.93446660041809, 97.93446660041809, 97.93446660041809]]",24.483616650104523
263,neg (251).jpg,0,"[['auf', 'sicherheit', 'gepruft', 'abschaltung', 'tomatesche', 'edelstahlmante', 'trockenlaufschu', 'ags'], [97.92138338088989, 97.92138338088989, 99.51574206352234, 98.38770031929016, 87.1374249458313, 89.04205560684204, 83.51207971572876, 71.74975872039795]]",24.480345845222473
136,neg (38).jpg,0,"[['certificato', 'tic', 'officine', 'meccani', 'uve', 'tic'], [99.62823390960693, 98.82996082305908, 97.17193841934204, 97.17193841934204, 79.13432717323303, 96.1169183254242]]",24.29298460483551
280,neg (275).jpg,0,"[['fur', 'orly', 'nur', 'f0t', 'effeo', 'schwimmhilfe', 'gsce', 'graae'], [97.0057487487793, 85.26224493980408, 75.84484219551086, 63.93218636512756, 88.57938051223755, 99.73728060722351, 80.12669682502747, 65.86827039718628]]",24.251437187194824
307,neg (289).jpg,0,"[['sus', 'eye', 'care ', 'tuvrheinland', 'certified', 'sus'], [64.5552396774292, 98.98715615272522, 98.98715615272522, 99.56452250480652, 96.8953013420105, 83.21029543876648]]",24.223825335502625
152,neg (54).jpg,0,"[['tuve ', 'tonal', 'tuvw', 'thuringen', 'jetzt', 'auf', 'wunsch', 'mit', 'tuv zertifikat', 'outdoor'], [89.549720287323, 92.36483573913574, 84.87036228179932, 99.5952844619751, 95.13404369354248, 95.13404369354248, 97.85200953483582, 97.85200953483582, 99.27366375923157, 99.61057305335999]]",23.78351092338562
202,neg (104).jpg,0,"[['futter', 'dummy', 'klein', 'food', 'dummy', 'small'], [94.23584342002869, 94.23584342002869, 94.23584342002869, 93.66010427474976, 93.66010427474976, 93.66010427474976]]",23.55896085500717
212,neg (205).jpg,0,"[['wir', 'biden', 'sie', 'praxisnah', 'schnall', 'und', 'flexibel', 'aus ', 'tuv', 'rheinland', 'modulsystem', 'schweiben'], [88.01484107971191, 88.01484107971191, 88.01484107971191, 88.01484107971191, 93.7045156955719, 93.7045156955719, 93.7045156955719, 93.7045156955719, 99.53290820121765, 99.53290820121765, 99.53290820121765, 99.53290820121765]]",23.426128923892975
250,neg (238).jpg,0,"[['ce', 'and', 'fda', 'from', 'tuv', 'certificate', 't', 'ertuica'], [93.41323375701904, 93.41323375701904, 93.41323375701904, 93.41323375701904, 93.41323375701904, 99.65274930000305, 67.37346649169922, 93.39309334754944]]",23.35330843925476
312,neg (301).jpg,0,"[['eine', 'vorschriftensammlung', 'zum', 'europaischen', 'medizinprodukterecht', 'mdr', 'et', 'co', 'eepeuoa', 'o ', '4'], [90.6360924243927, 90.6360924243927, 90.6360924243927, 90.6360924243927, 99.32183027267456, 89.46022391319275, 89.46022391319275, 89.46022391319275, 58.42914581298828, 59.6293568611145, 86.00757718086243]]",22.659023106098175
201,neg (102).jpg,0,"[['tuve', 'an', 'thuringen', 'zertifizierte', 'wirksamkeit', 'certifiod', 'eflectiveness', '8151 012 11 20'], [79.93680238723755, 54.77670431137085, 99.56061244010925, 82.83912539482117, 82.83912539482117, 90.04731178283691, 90.04731178283691, 97.59827852249146]]",22.51182794570923
156,neg (60).jpg,0,"[['fit', 'durc'], [87.8153383731842, 87.8153383731842]]",21.95383459329605
235,neg (225).jpg,0,"[['led', 'e27', '6w', '86', '450lm', '2700k', '25 000', 'cri90', '15 000', 'nour', 'me', '4'], [99.64366555213928, 99.49488639831543, 99.59404468536377, 99.02729988098145, 85.9071135520935, 99.33900833129883, 99.46215748786926, 98.91554713249207, 99.24890398979187, 82.45614767074585, 59.599512815475464, 68.8402771949768]]",21.476778388023376
122,neg (23).jpg,0,"[['e werkstatt', 'tuve', 'huringen'], [99.25503134727478, 89.7184669971466, 85.53634881973267]]",21.384087204933167
129,neg (30).jpg,0,"[['e werkstatt', 'tuve', 'huringen'], [99.25503134727478, 89.7184669971466, 85.53634881973267]]",21.384087204933167
140,neg (42).jpg,0,"[['tuve', 'thurivgem'], [79.52541708946228, 82.12376832962036]]",20.53094208240509
139,neg (41).jpg,0,"[['zertifikat', 'die', 'zertifi', 'ttle', 'fr', 'drckgerate', 'des', 'montavar'], [99.65635538101196, 81.66967034339905, 81.66967034339905, 62.08977699279785, 62.08977699279785, 62.08977699279785, 62.08977699279785, 99.66559410095215]]",20.417417585849762
171,neg (77).jpg,0,"[['tuvx', 'iesthll'], [72.13740944862366, 56.91322684288025]]",18.971075614293415
192,neg (94).jpg,0,"[['voltronicd12', 'diesel', 'multireiniger', 'oltron ', 'di2', 'tuve', 'tultirein', 'diesel', 'dakks', 'tuvi', 'oinenys1o01eoo', '300ml', 'made'], [97.80445694923401, 94.4171130657196, 94.4171130657196, 88.07834982872009, 80.64603805541992, 86.10838055610657, 84.3216598033905, 95.84887623786926, 86.93963885307312, 72.11532592773438, 54.54925298690796, 87.60795593261719, 99.52364563941956]]",18.028831481933594
121,neg (22).jpg,0,"[['testuv', 'certificate', 'shengtai', 'titanrvindustry', 'collt', 'tuv'], [50.82520842552185, 99.76752996444702, 88.34903240203857, 88.34903240203857, 88.34903240203857, 92.63797402381897]]",16.941736141840614
103,neg (3).jpg,0,"[['tuv', 'tny', 'thuringen', 'cert', 'kba', '15102', '15064', 'tic'], [70.84235548973083, 57.70297050476074, 99.9187707901001, 81.43601417541504, 99.97970461845398, 93.61571669578552, 93.61571669578552, 60.414284467697144]]",16.66328410307566
253,neg (241).jpg,0,"[['ce', 'yaming', 'whurow', 'tuvrheinland', '63a', 'customi'], [67.124342918396, 99.54008460044861, 93.85557174682617, 98.99198412895203, 99.97501969337463, 99.5328962802887]]",16.662503282229103
296,neg (286).jpg,0,"[['5', 'a', 'fb', 'tuvrheinland', 'z', 'zertifiziert', 'www tuv com', 'id', '1111222705', 'f', 'b', 'e', 'd', 'l', 'jk', 'h', 'g', 'e', 'opo', 'n', 'r', 'tuvw', 'x', 's', 'z123', 'y', '4', '5', '6789'], [99.94449019432068, 99.85049962997437, 97.13253974914551, 99.18642044067383, 59.55475568771362, 99.37252998352051, 98.5564649105072, 95.75539827346802, 95.75539827346802, 99.04500842094421, 99.88594055175781, 87.21530437469482, 53.76215577125549, 73.51233959197998, 81.86272382736206, 93.97726655006409, 99.17222857475281, 57.827574014663696, 69.97531056404114, 99.7287392616272, 98.53518605232239, 99.02970790863037, 68.48649978637695, 73.8091766834259, 80.57333827018738, 99.94935989379883, 96.80410623550415, 99.93281364440918, 99.36268925666809]]",16.64174993832906
227,neg (216).jpg,0,"[['r', 'tuvrheinland', '00', 'ip65', 'evieun', 'weatherproof', '6a', '10a', 'ce', '13a', '16a', 'status', 'iec', '62196 2', 'amps'], [91.26800894737244, 98.64645600318909, 50.90901851654053, 99.80255365371704, 99.64761137962341, 99.94907975196838, 92.25726127624512, 99.7333288192749, 79.98744249343872, 99.84307289123535, 99.83895421028137, 99.61234927177429, 98.08868169784546, 98.08868169784546, 99.63123202323914]]",16.640512148539223
236,neg (224).jpg,0,"[['blusunsglar', '3', 'feet 1', 'meter', '30', 'feet 10', 'meter', '4mm', 'solar', 'cable'], [98.22540879249573, 96.89633846282959, 96.89633846282959, 96.89633846282959, 96.89633846282959, 94.92700099945068, 94.92700099945068, 94.92700099945068, 99.74420666694641, 99.10125136375427, 99.10125136375427]]",16.624034444491066
239,neg (219).jpg,0,"[['aaa', 'heitech', 'heitech', 'wiederaufladbar', 'wiederaufladbar', 'readytouse', 'ready', 'to', 'use', 'nhmh akku', 'energ', 'eitech', 'art  nr 04002192', 'art nr 04002193'], [99.74298477172852, 99.68972206115723, 99.67857003211975, 99.68182444572449, 99.68053698539734, 99.18709993362427, 91.42805933952332, 91.42805933952332, 91.42805933952332, 72.937673330307, 81.8303108215332, 93.959641456604, 96.00926637649536, 97.16594815254211]]",16.623830795288086
260,neg (244).jpg,0,"[['asus', 'eyecare', 'monitor'], [82.52860903739929, 98.91053438186646, 99.7102677822113]]",16.61837796370188
180,neg (81).jpg,0,"[['tuve', 'cert', 'iso9001'], [77.68172025680542, 99.67753291130066, 74.13920164108276]]",16.612922151883442
213,neg (204).jpg,0,"[['asus', 'eyecare', 'monitor'], [59.554243087768555, 99.12369847297668, 99.66778755187988]]",16.611297925313313
135,neg (37).jpg,0,"[['certificate', 'tic', 'toves', ' '], [99.4182825088501, 99.66424107551575, 50.476062297821045, 55.380016565322876]]",16.61070684591929
281,neg (258).jpg,0,"[['dkld', 'an01 1b', 'en61058 1t85 55', '16 12 a250v ', '5e4', 'ce', 'ip55'], [99.71376061439514, 96.50001525878906, 99.1263210773468, 89.6914005279541, 99.76224303245544, 97.17654585838318, 99.5996356010437]]",16.599939266840614
190,neg (92).jpg,0,"[['tuves', 'water', 'treatment', 'applictions', 'cert', 'adlercarbonco ', 'tic'], [85.65927743911743, 96.69832587242126, 96.69832587242126, 96.69832587242126, 99.53228235244751, 95.17030715942383, 94.5868194103241]]",16.588713725407917
223,neg (214).jpg,0,"[['5ktualiie', 'auft', 'toeeed', 'datenschutz ', 'eine', 'vorschriftensammlung', 'neu', '6h', 'a'], [65.83631634712219, 65.83631634712219, 50.58290958404541, 98.06247353553772, 95.44200301170349, 95.44200301170349, 99.49893355369568, 60.51107048988342, 79.14834022521973]]",16.583155592282612
299,neg (271).jpg,0,"[['playmobil', '4 ', 'city', '4904'], [98.43989610671997, 93.73136758804321, 99.45549964904785, 99.95235204696655]]",16.57591660817464
153,neg (39).jpg,0,"[['tic', 'sertifikatas', 'so9001 2015 lsten', 'iso90012015', 't', 'e ad', 'te', 'g', 'cosmica', 'uab', 'cosmica', 'tuv3'], [99.45064187049866, 99.75747466087341, 92.7976131439209, 92.7976131439209, 59.52804088592529, 59.52804088592529, 59.52804088592529, 59.52804088592529, 86.26013398170471, 86.26013398170471, 98.74621629714966, 80.78436851501465]]",16.575106978416443
132,neg (34).jpg,0,"[['tuve', 'cert', '09001', 'tic'], [94.20977830886841, 99.35367107391357, 78.12894582748413, 98.71243834495544]]",16.558945178985596
270,neg (259).jpg,0,"[['mit', 'sicherheit', 'mehr', 'freude', 'am', 'auto ', 'tuv', 'rheinland'], [94.32626962661743, 94.32626962661743, 94.32626962661743, 95.03999352455139, 95.03999352455139, 95.03999352455139, 99.26725029945374, 99.72385764122009]]",16.544541716575623
155,neg (55).jpg,0,"[['tional', 'tuv', 'a', 'thuringen', 'cert', 's', 'ohsas18001 200', '15', '116', '13498'], [95.20118236541748, 95.97229361534119, 74.54747557640076, 99.55887198448181, 99.23721551895142, 84.8702073097229, 84.8702073097229, 92.51465797424316, 92.51465797424316, 92.51465797424316]]",16.539535919825234
102,neg (4).jpg,0,"[['tuv', 'thuringen', 'cert', 'partner', 'of', 'certification', 'body'], [94.23727989196777, 99.70005750656128, 99.06229972839355, 94.32463645935059, 94.32463645935059, 97.57626056671143, 97.57626056671143]]",16.51038328806559
183,neg (86).jpg,0,"[['tuv', 'thu', 'en'], [97.90211319923401, 98.69866371154785, 60.755038261413574]]",16.449777285257973
105,neg (7).jpg,0,"[['zertifikat', 'tic', 'far', 'da', 'magementaye', 'din', 'eniso', '90012615', 'asphericon', 'gmbh', 'aspherican', '07767', 'jena', 'voimer', 'strae ', 'tuvs'], [99.63804483413696, 98.60005378723145, 71.37951254844666, 71.37951254844666, 71.37951254844666, 81.85932040214539, 81.85932040214539, 81.85932040214539, 91.58972501754761, 91.58972501754761, 98.79168272018433, 78.90594601631165, 78.90594601631165, 72.6926863193512, 72.6926863193512, 95.1422929763794]]",16.433342297871906
295,neg (280).jpg,0,"[['haopy', 'mumienschlafsack', 'people', 'mping', '230', 'x', '80', 'x', '52', 'cm', '79000'], [86.80793642997742, 99.47714805603027, 99.63939189910889, 96.32982015609741, 98.3324944972992, 98.3324944972992, 98.3324944972992, 98.3324944972992, 98.3324944972992, 98.3324944972992, 95.3081727027893]]",16.388749082883198
301,neg (288).jpg,0,"[['a', 'tuv', 'optivent', 'das', 'versteckte', 'sicherheitsventil', 'uber ', 'exklusiv'], [68.88160109519958, 98.32048416137695, 99.69966411590576, 97.25968837738037, 97.25968837738037, 97.25968837738037, 93.93647313117981, 93.93647313117981]]",16.386747360229492
306,neg (296).jpg,0,"[['fv20cpv', 'un', 'fv2ocpv', ' okre re', '20ka', 'un', 'fv20cpv', '3 6kv', '40ka', 'un', 'uc', ' ', '1p20', 'fv20c13 1000pvs', 't', 'no'], [89.52050805091858, 65.31301736831665, 92.79946088790894, 63.477325439453125, 83.82772207260132, 86.20909452438354, 93.68587732315063, 88.94861340522766, 84.64142680168152, 97.78896570205688, 79.89663481712341, 69.19199228286743, 82.78666138648987, 93.35514307022095, 51.34958624839783, 80.27161359786987]]",16.29816095034281
254,neg (245).jpg,0,"[['kompatibel', 'mit', 'seitenairbag', 'tuvrheinland', 'gepruft', 'www tuv com', 'id', '0000025748'], [97.19619154930115, 97.19619154930115, 99.57910180091858, 99.0513563156128, 98.95618557929993, 97.69454598426819, 97.36944437026978, 97.36944437026978]]",16.228240728378296
117,neg (18).jpg,0,"[['tye', 'tuv', 'thuringen'], [60.360121726989746, 97.20011353492737, 99.65623021125793]]",16.200018922487892
131,neg (32).jpg,0,"[['welcome', 'willkommen', 'ximeyapynpcp', 'ctbo mhobu tboctbo', '24 25ma2007', 'roa mocka', 'tuv', 'mysituve'], [93.66013407707214, 99.71719980239868, 63.26574683189392, 69.59309577941895, 86.94584369659424, 86.94584369659424, 97.04132080078125, 76.510488986969]]",16.173553466796875
297,neg (284).jpg,0,"[['mit', 'sicherheitmehr', 'freude', 'am', 'auto', 'tuv', 'rheinland', '11 05 202001 43', 'pm'], [96.97086811065674, 96.97086811065674, 93.66496801376343, 93.66496801376343, 93.66496801376343, 95.75157165527344, 95.75157165527344, 95.7626223564148, 95.7626223564148]]",16.161811351776123
247,neg (235).jpg,0,"[['510k', 'clear', 'cfda', 'k162387 k162'], [95.97386121749878, 95.97386121749878, 96.41374349594116, 99.18785691261292]]",16.068957249323525
170,neg (67).jpg,0,"[['zertifikattic', 'ruderkuchen', 'tuvy', 'te'], [95.36857604980469, 92.78091192245483, 76.16720795631409, 96.018385887146]]",16.00306431452433
242,neg (230).jpg,0,"[['yru', 'soladc', 'isolator', 'switch', 'ce', 'a'], [80.20623326301575, 98.97372722625732, 95.74584364891052, 95.74584364891052, 97.24020957946777, 80.14669418334961]]",15.957640608151753
177,neg (66).jpg,0,"[['zertifikat', 'tic', 'far servicequalitat', 'ruderkucheno', 'tuve'], [94.41236853599548, 94.41236853599548, 92.1461284160614, 90.05405902862549, 77.27418541908264]]",15.735394755999247
241,neg (229).jpg,0,"[['mi', 'smart', 'led', 'desk', 'lamp', 'pro', 'mi', ' p', 'o'], [94.07686591148376, 94.07686591148376, 94.07686591148376, 94.07686591148376, 94.07686591148376, 94.07686591148376, 53.31902503967285, 55.944085121154785, 55.944085121154785, 85.06739139556885]]",15.67947765191396
115,neg (16).jpg,0,"[['qualitatsmanagementsystem', 'iso9001', 'twvo', 'kundenorientierung', 'kundenzufriedenheit', 'thurngen', 'fortlaufende', 'verbesserung', 'id', '15', '100', '128194'], [96.31266593933105, 97.41378426551819, 64.9544358253479, 88.16484808921814, 91.97535514831543, 88.99086713790894, 85.13163924217224, 85.13163924217224, 93.54496598243713, 93.54496598243713, 93.54496598243713, 93.54496598243713]]",15.590827663739521
290,neg (281).jpg,0,"[['brauctnanaimibbach3csrendenschnn', 'tuv', 'rhelnland handbuch', 'toivrnentand ', 'oldtimer', 'zuunoungkoutiendolweiternuno'], [72.29537963867188, 93.04741024971008, 93.04741024971008, 66.49697422981262, 99.12869930267334, 65.86365699768066]]",15.507901708285013
226,neg (217).jpg,0,"[['tuvrheinland', 'id'], [98.59601855278015, 93.03371906280518]]",15.505619843800861
248,neg (236).jpg,0,"[['62mm', 'solar', 'pv', 'cable', 'ce'], [98.94779920578003, 91.74134135246277, 91.74134135246277, 91.74134135246277, 78.23213338851929]]",15.290223558743794
106,neg (9).jpg,0,"[['tuv', 'thuringen'], [91.62006378173828, 99.63542222976685]]",15.270010630289713
111,neg (8).jpg,0,"[['tic', 'ceptwomkat', 'certificatetic'], [91.12185835838318, 91.12507104873657, 96.3750422000885]]",15.186976393063862
205,neg (1).jpg,0,"[['tuv', 'thuringen'], [91.05632901191711, 99.63178634643555]]",15.176054835319519
178,neg (80).jpg,0,"[['tuv', 'certificate', 'tic', 'thuringen'], [77.23398208618164, 99.17230606079102, 88.04178237915039, 99.39643144607544]]",14.673630396525065
137,neg (36).jpg,0,"[['zertifikat', 'entsorgungsfachbetrieb', 'tuv'], [99.61956739425659, 99.46365356445312, 87.7504289150238]]",14.6250714858373
160,neg (63).jpg,0,"[['tuve', 'mit', 'siche', 'der', 'thuringen'], [87.8093421459198, 87.60125041007996, 87.60125041007996, 63.290101289749146, 96.39466404914856]]",14.600208401679993
134,neg (33).jpg,0,"[['tuve', 'thurngen', 'tov', 'thoringen', '14', '199', 'tovthoringen'], [86.02372407913208, 92.13333129882812, 87.12743520736694, 87.12743520736694, 76.10480785369873, 82.96940922737122, 89.77178931236267]]",14.521239201227823
209,neg (202).jpg,0,"[['ms2m1', 'compliance management systere ', 'standard', 'und', 'leitfaden', 'arivenino'], [68.63208413124084, 94.60669755935669, 86.64880990982056, 86.64880990982056, 86.64880990982056, 55.17685413360596]]",14.441468318303425
215,neg (203).jpg,0,"[['tov', 'rheinland handbuch', 'oldtimer'], [86.08130812644958, 86.08130812644958, 99.70115423202515]]",14.346884687741596
172,neg (78).jpg,0,"[['fz prufanlage', 'to', 'thuringen'], [86.07850074768066, 86.07850074768066, 99.54960346221924]]",14.34641679128011
261,neg (250).jpg,0,"[['futurewav2005', 'tov'], [96.25744223594666, 84.69881415367126]]",14.116469025611877
214,neg (204).jpeg,0,"[['realme', 'c21', 'realme', 'c25', 'teorw', 'tuvrheinlond', 'smartphc', 'tuv', 'rheinlan', 'smcrtphone', 'high', 'relioblity', 'certifcotion'], [94.38180923461914, 94.38180923461914, 95.88155746459961, 95.88155746459961, 51.68083310127258, 85.30399799346924, 85.30399799346924, 81.59012794494629, 81.59012794494629, 81.59012794494629, 79.91930842399597, 79.91930842399597, 79.91930842399597]]",13.598354657491047
104,neg (5).jpg,0,"[['alams', 'a', 'thurngen', 'nichte', 'prfung'], [84.05494689941406, 68.722403049469, 82.92742371559143, 80.32198548316956, 80.32198548316956]]",13.38699758052826
109,neg (12).jpg,0,"[['uv', 'nichste', 'prituing'], [70.98467946052551, 79.7400951385498, 79.7400951385498]]",13.290015856424967
158,neg (62).jpg,0,"[['tuve', 'sichert', 'a', 'tuve', 'sicher', 'd'], [84.8740816116333, 88.76017928123474, 78.35550308227539, 82.33323693275452, 88.49634528160095, 88.49634528160095]]",13.059250513712565
107,neg (11).jpg,0,"[['btetuv', 'confirmation', 'uv'], [76.9059956073761, 99.5672881603241, 55.87584972381592]]",12.817665934562683
184,neg (85).jpg,0,"[['tuv', 'thuringen'], [60.934942960739136, 99.86636638641357]]",12.483295798301697
271,neg (261).jpg,0,"[['ce', 'a', '2000kg', 'hydraulic', 'jack', 'caution', 'capacity ', 'airm ', 'level', 'surface '], [94.3737268447876, 69.9299156665802, 99.73246455192566, 99.58064556121826, 99.84315633773804, 99.6324360370636, 94.27791237831116, 83.37567448616028, 83.37567448616028, 83.37567448616028]]",12.480394542217255
185,neg (84).jpg,0,"[['tuve', 'thuringen', 'gepruifte', 'www tuev thueringen de', 'sicherheit'], [78.52311730384827, 99.7736930847168, 94.33834552764893, 99.3777871131897, 99.43669438362122]]",12.4717116355896
193,neg (90).jpg,0,"[['mitglieds', 'urkunde', 'tuve', 'thuringen'], [99.69066977500916, 99.75396394729614, 80.05707859992981, 98.91356229782104]]",12.469245493412018
219,neg (207).jpg,0,"[['heitech', 'alkaline', 'knopfzellen', 'ag3 lr41 392', '1 5v', 'heeeeeex', 'art  nr 04000531', 'www heitech promotion de'], [99.71779584884644, 98.4575629234314, 98.4575629234314, 97.72958159446716, 97.72958159446716, 51.56184434890747, 98.38021993637085, 99.53513741493225]]",12.464724481105804
292,neg (285).jpg,0,"[['6cm', ' spielqualitat ', 'ballebad24 de', 'ce'], [99.70519542694092, 98.79246354103088, 95.6105887889862, 95.18859386444092]]",12.463149428367615
128,neg (29).jpg,0,"[['35cm'], [99.61591958999634]]",12.451989948749542
163,neg (69).jpg,0,"[['thuringen', 'einfahrt'], [99.61255192756653, 92.39695072174072]]",12.451568990945816
164,neg (70).jpg,0,"[['tuve', 'thuringen'], [74.84577894210815, 99.60144758224487]]",12.45018094778061
279,neg (272).jpg,0,"[['tuvrheinland', 'tifiziert', '1000', '10100306e', 'uberwachung', 'regelmabige'], [98.7065076828003, 99.5934247970581, 79.89563941955566, 53.5678505897522, 99.20622110366821, 94.3220317363739]]",12.449178099632263
203,neg (103).jpg,0,"[['tuvu', 'thuringen'], [84.23555493354797, 99.24631118774414]]",12.405788898468018
182,neg (83).jpg,0,"[['tuvey', 'thuringen', 'gepriifte', 'sicherheit'], [77.58679986000061, 99.12593364715576, 95.09704113006592, 99.63240623474121]]",12.39074170589447
112,neg (13).jpg,0,"[['tuve', 'zertifikat', 'certificate'], [85.71465015411377, 98.98747205734253, 95.52366137504578]]",12.373434007167816
273,neg (263).jpg,0,"[['tuvrheinla'], [98.48125576972961]]",12.310156971216202
265,neg (254).jpg,0,"[['heitecho', 'alkaline', 'knopfzellen', 'ag10 lr1130 389', '1 5v', 'art  ne04000535'], [94.75752115249634, 98.32714796066284, 98.32714796066284, 97.82940149307251, 97.82940149307251, 82.5059175491333]]",12.290893495082855
154,neg (58).jpg,0,"[['tuve', 'adsaison'], [97.418212890625, 99.66412782669067]]",12.177276611328125
130,neg (31).jpg,0,"[['packing', 'delivery'], [97.34710454940796, 97.34710454940796]]",12.168388068675995
240,neg (226).jpg,0,"[['tuvr'], [96.89133167266846]]",12.111416459083557
288,neg (279).jpg,0,"[['tuv', 'rinand', 'moduyem', 'swin'], [72.56319522857666, 72.56319522857666, 72.56319522857666, 72.56319522857666]]",12.093865871429443
124,neg (25).jpg,0,"[['tuva', 'm5ds', 'repo'], [72.5490391254425, 74.49088096618652, 74.49088096618652]]",12.091506520907084
169,neg (76).jpg,0,"[['tuve', 'thuringen'], [78.56362462043762, 96.4819610118866]]",12.060245126485825
284,neg (268).jpg,0,"[['50', 'a', 'tuvrheinland ', 'genau ', 'richtig '], [90.74954390525818, 57.851642370224, 93.46004724502563, 93.83522272109985, 93.83522272109985]]",11.729402840137482
148,neg (51).jpg,0,"[['tuve'], [93.6018705368042]]",11.700233817100525
151,neg (53).jpg,0,"[['tuve', 'tuve', 'tuve', 'taurnge', 'thorwge'], [83.9700698852539, 91.0179615020752, 86.64736747741699, 80.76982498168945, 82.40771293640137]]",11.3772451877594
167,neg (64).jpg,0,"[['thubingen'], [90.47497510910034]]",11.309371888637543
166,neg (74).jpg,0,"[['tuve', 'boestell'], [85.35363674163818, 90.01996517181396]]",11.252495646476746
246,neg (234).jpg,0,"[['yro', 'dcwaterproof', 'isolation', 'ce', 'a'], [81.29444718360901, 98.87178540229797, 99.59647059440613, 96.94311618804932, 67.07698106765747]]",11.179496844609577
204,neg (105).jpg,0,"[['dummy', 'boje', 'g'], [89.35363292694092, 89.35363292694092, 89.35363292694092]]",11.169204115867615
146,neg (48).jpg,0,"[['tuve', 'thurwgen', 'certificare', 'haccp', 'tto'], [81.80375099182129, 91.01262092590332, 97.50465750694275, 99.57267642021179, 51.930755376815796]]",10.225468873977661
249,neg (237).jpg,0,"[['jter', 'fcrohs', 'cbe', 'q11901120052'], [55.390024185180664, 79.3348491191864, 87.35021948814392, 97.16034531593323]]",9.9168561398983
251,neg (240).jpg,0,"[['yro', 'dcwaterproof', 'isolation', 'ce', 'a'], [76.16748809814453, 98.47890734672546, 99.78505373001099, 95.87005376815796, 59.21958684921265]]",9.86993114153544
133,neg (35).jpg,0,"[['airbaguvumlu', 'tamgovenlik', 'tuve', 'g'], [93.83817315101624, 98.356032371521, 78.39927673339844, 73.15791249275208]]",9.799909591674805
198,neg (99).jpg,0,"[['tuve', 'prufanlage', 'otounoszeiteni', '6 0', '00', ' ', '16 0'], [73.75057339668274, 91.44090414047241, 91.44090414047241, 76.90774202346802, 82.56886601448059, 87.8721833229065, 87.8721833229065, 87.8721833229065]]",9.218821674585342
282,neg (276).jpg,0,"[['jaue'], [70.30814290046692]]",8.788517862558365
179,neg (79).jpg,0,"[['tuve'], [70.03607749938965]]",8.754509687423706
165,neg (72).jpg,0,"[['tuve'], [70.03607749938965]]",8.754509687423706
229,neg (215).jpg,0,"[['tuprn'], [60.794663429260254]]",7.599332928657532
175,neg (73).jpg,0,"[['xukehra', 'trives', 'tuvreport', '2021'], [57.16956853866577, 58.14468264579773, 99.45154190063477, 85.99109053611755]]",7.268085330724716
255,neg (242).jpg,0,"[[], []]",0.0
188,neg (89).jpg,0,"[[], []]",0.0
116,neg (17).jpg,0,"[[], []]",0.0
186,neg (87).jpg,0,"[[], []]",0.0
293,neg (266).jpg,0,"[[], []]",0.0
294,neg (283).jpg,0,"[['vl 200kg'], [98.34519624710083]]",0.0
181,neg (82).jpg,0,"[['ce'], [97.11936712265015]]",0.0
298,neg (290).jpg,0,"[['sicherhei', 'zertifiziert', 'wow 0o com', 'ballebad24de', 'ce'], [98.86614680290222, 96.90366387367249, 66.19507670402527, 95.87073922157288, 95.02387046813965]]",0.0
174,neg (71).jpg,0,"[[], []]",0.0
168,neg (75).jpg,0,"[[], []]",0.0
302,neg (293).jpg,0,"[['en62471'], [99.89229440689087]]",0.0
22,pos (29).jpg,1,"[[], []]",0.0
118,neg (19).jpg,0,"[[], []]",0.0
19,pos (24).jpg,1,"[[], []]",0.0
161,neg (65).jpg,0,"[[], []]",0.0
149,neg (50).jpg,0,"[[], []]",0.0
16,pos (25).jpg,1,"[[], []]",0.0
309,neg (291).jpg,0,"[['tovrheiniand'], [93.39368939399719]]",0.0
13,pos (20).jpg,1,"[[], []]",0.0
12,pos (17).jpg,1,"[[], []]",0.0
147,neg (49).jpg,0,"[[], []]",0.0
144,neg (46).jpg,0,"[[], []]",0.0
11,pos (16).jpg,1,"[[], []]",0.0
2,pos (4).jpg,1,"[['holok'], [57.32165575027466]]",0.0
316,neg (302).jpg,0,"[['playmobil', 'tuvrheinland', '4 107', '6188'], [98.35094809532166, 99.08748269081116, 94.35763359069824, 99.95943903923035]]",0.0
197,neg (97).jpg,0,"[['besefitsefbelisereshet'], [61.095935106277466]]",0.0
28,pos (32).jpg,1,"[[], []]",0.0
287,neg (269).jpg,0,"[[], []]",0.0
79,pos (83).jpg,1,"[[], []]",0.0
257,neg (246).jpg,0,"[[], []]",0.0
74,pos (85).jpg,1,"[[], []]",0.0
259,neg (247).jpg,0,"[['r', 'tuvrheinland', 'zertifiziert'], [75.8651614189148, 99.4602382183075, 99.54935908317566]]",0.0
252,neg (239).jpg,0,"[['benq', 'eye care '], [83.90827178955078, 97.78123497962952]]",0.0
245,neg (233).jpg,0,"[[], []]",0.0
86,pos (1).jpg,1,"[[], []]",0.0
243,neg (231).jpg,0,"[['17 30monitor', '4'], [78.4982442855835, 58.81851315498352]]",0.0
264,neg (253).jpg,0,"[['k39', 'prezzo', 'occasione', 'k1', 'g'], [98.7020492553711, 95.59161067008972, 95.59161067008972, 99.69965815544128, 86.0841155052185]]",0.0
238,neg (227).jpg,0,"[[], []]",0.0
70,pos (81).jpg,1,"[[], []]",0.0
233,neg (223).jpg,0,"[[], []]",0.0
67,pos (76).jpg,1,"[[], []]",0.0
269,neg (256).jpg,0,"[[], []]",0.0
96,pos (100).jpg,1,"[[], []]",0.0
100,pos (2).jpg,1,"[[], []]",0.0
272,neg (262).jpg,0,"[['hards', 'tuvrheinland'], [87.48160600662231, 92.53184199333191]]",0.0
230,neg (221).jpg,0,"[[], []]",0.0
57,pos (71).jpg,1,"[[], []]",0.0
54,pos (63).jpg,1,"[[], []]",0.0
37,pos (53).jpg,1,"[[], []]",0.0
278,neg (273).jpg,0,"[['30', 'pack'], [97.44647145271301, 97.44647145271301]]",0.0
228,neg (218).jpg,0,"[[], []]",0.0
218,neg (210).jpg,0,"[['en62471'], [99.90636706352234]]",0.0
208,neg (200).jpg,0,"[[], []]",0.0
35,pos (39).jpg,1,"[[], []]",0.0
207,neg (202).jpeg,0,"[[], []]",0.0
108,neg (6).jpg,0,"[[], []]",0.0
159,neg (61).jpg,0,"[[], []]",0.0
