,image,relevant,words,OCR_score
146,d43573207918bd69111ff62dd4032e8553567a9e,1,"[['ikjhevcn', 'gildan', 'among us'], [96.73858284950256, 99.73270297050476, 97.36853241920471]]",0.9794660607973735
194,96be8e8573d42861a6adb3c5100257c451a76e5c,1,"[['among us', 'you re', 'dumb'], [99.937903881073, 94.4169282913208, 99.4848370552063]]",0.9794655640920003
444,67e2cc51348453b6d8b0364bc3534fdd284de289,1,"[['among us'], [97.0099925994873]]",0.970099925994873
439,c4e1731d93614d8a00f6672d4420626a85ce2395,1,"[['among us'], [96.78467512130737]]",0.9678467512130737
108,fb3fbe8f4e57f6817d1f2dc98c341426cb933d27,1,"[['among us'], [96.21752500534058]]",0.9621752500534058
405,27892264f6744b357ae7bcba3dbf2e3beb05c29a,1,"[['i mvery good', 'at the hit game', 'among us', 'ifyou don tlikeit', 'leave', 'ilove my wife sheis never', 'sus', 'which is a reference to the hit game', 'amongus', 'aiak002 270821store'], [94.119793176651, 93.6653733253479, 94.19116973876953, 95.59805393218994, 99.81926679611206, 94.13354396820068, 93.93863081932068, 93.22216510772705, 99.65163469314575, 97.37657308578491]]",0.9557162046432495
53,75f467a04f86432f8e752744a486c415e7270c9b,1,"[['among us', 'impostor'], [91.49707555770874, 99.53557252883911]]",0.9551632404327393
462,1e4262b940e28e48b0a674611114884af56a3afe,1,"[['among us', 'impostor'], [91.03841185569763, 99.36795234680176]]",0.952031821012497
399,63e31b0949ffa8022091efe436484e01e1c57c55,1,"[['among us'], [94.94819641113281]]",0.9494819641113281
422,366855a40a7d28598a15c7569b6ff4889e22c1ea,1,"[['tam0014', 'among us'], [99.92346167564392, 89.78239297866821]]",0.9485292732715607
388,56c8083ae76995eeee4b6d7c257cf211d98b1f41,1,"[['tam0014', 'among us'], [99.92346167564392, 89.78239297866821]]",0.9485292732715607
188,d8bb3e29154e01f88b5f3a9217973939d8e7d18b,1,"[['among us', 'smong', 'amon', 'trust no one', 'mpostor'], [87.52293586730957, 97.06777334213257, 96.3521957397461, 97.53710627555847, 92.43173003196716]]",0.9418234825134277
412,8c378d8eed756cf242d2c00a8084cc387ed19606,1,"[['mpostor', 'tmpostor', 'among us', 'ongus', '13 colour', 'tmpostor', 'r', 'amongus'], [99.32589530944824, 99.0757405757904, 97.9527473449707, 98.55294227600098, 99.90127086639404, 98.14091920852661, 66.21177196502686, 92.9158866405487]]",0.9400964677333832
227,3fe8539d691409d2207cf5f2bd5ce453c79fe185,1,"[['among us', 'impostor', 'among us', 'impostor'], [88.66251111030579, 99.1983413696289, 87.86640167236328, 99.5404601097107]]",0.9381692856550217
362,fd1ca02a44db7c259c70e14c0a51318deb9ece7b,1,"[['among us'], [93.64590048789978]]",0.9364590048789978
124,000e7696e9936c1f2d2e2214cdfbdb54b8878374,1,"[['vwoud n2', 'among us', 'impostor'], [81.8354606628418, 99.29673671722412, 98.65270853042603]]",0.9326163530349731
230,51416eb364f8e8c4acbdda341d6666841ed30de1,1,"[['among us'], [92.8850531578064]]",0.928850531578064
24,964f6286af44044b456938af6107e15ff184a23e,1,"[['vwoud n2', 'among us', 'impostor'], [85.34005880355835, 99.9035656452179, 92.36944913864136]]",0.9253769119580586
277,4c6bc57673884a876168e5826912ac40d40e43b7,1,"[['impostor', 'vwomc n2', 'among us'], [99.78665709495544, 77.38887071609497, 99.27451610565186]]",0.9215001463890076
61,068b0e58b9827f1bdbe7fdb8622736f7806c8e25,1,"[['vwonq n2', 'among us', 'impostor'], [79.49525117874146, 94.45849657058716, 99.29629564285278]]",0.910833477973938
245,d23432072093f01f1afd83c4b62d753c3ef30d3a,1,"[['vwonq n2', 'among us', 'impostor'], [79.49525117874146, 94.45849657058716, 99.29629564285278]]",0.910833477973938
406,8cebbb4163ebe51b5fbffe616d49ebdad3a355f4,1,"[['among us'], [90.96415638923645]]",0.9096415638923645
34,b25a715b2840d6a727f2473a31caabe2e4c3903b,1,"[['vwoud n2', 'among us', '0'], [77.51519083976746, 99.87661242485046, 95.29837369918823]]",0.9089672565460205
105,2f619c9004e55bbcab8aee8353078913c64675ef,1,"[['vwoud n2', 'among us'], [81.94926977157593, 99.8340368270874]]",0.9089165329933167
80,721e5e6da80f2bea29ff0806709cc919cb3c910f,1,"[['vwonq n2', 'among us', 'amongus'], [76.22641324996948, 97.10108041763306, 99.27746057510376]]",0.908683180809021
171,74e3a541a1865af479a509cf5e795d7405417303,1,"[['vwonq n2', 'among us', 'amongus'], [76.22641324996948, 97.10108041763306, 99.27746057510376]]",0.908683180809021
238,cabc09cf56ac89c80591db96780dda374d07f42c,1,"[['vwonq n2', 'among us', 'amongus'], [76.22641324996948, 97.10108041763306, 99.27746057510376]]",0.908683180809021
334,c497627967d0963e1a7e968fb0a0a83c3bb69f83,1,"[['vwoud n2', 'among us'], [81.77053332328796, 99.8426079750061]]",0.9080657064914703
111,0be5cbf74e637966982bdfdfc22ba557e1ff31fb,1,"[['vwoud n2', 'among us'], [82.06091523170471, 98.04945588111877]]",0.9005518555641174
59,ed5a8b633741d7554057ccda893a4155b041ee8d,1,"[['among us', 'among us'], [86.1031174659729, 93.92946362495422]]",0.9001629054546356
193,0811a67b105fabaa579e1882531726221619afa1,1,"[['vwonq n2', 'among us', 'impostor'], [76.3303816318512, 94.25526261329651, 99.36792850494385]]",0.8998452425003052
234,68e8e3b60ba5c00aed0f0dde7f81aaa2c9d66aa1,1,"[['vwonq n2', 'among us', 'impostor'], [76.3303816318512, 94.25526261329651, 99.36792850494385]]",0.8998452425003052
178,59835912786283e3766df569a4addadc8e6e9a3e,1,"[['vwoud n2', 'among us', 'impostor'], [83.49958658218384, 97.78190851211548, 88.6037528514862]]",0.8996174931526184
13,39cf23c3398969a3c37949206563f22f6a32fcad,1,"[['vwoud n2', 'among us'], [79.32400703430176, 99.90558624267578]]",0.8961479663848877
49,c2d3fb2eca44bad695cd84e02c673cc27fdc175d,1,"[['impostor', 'vwomc n2', 'among us'], [99.73043203353882, 74.65991377830505, 94.0876841545105]]",0.8949267665545146
192,1f2d04f5078f7b2b6bc4e521b75e9537723c518b,1,"[['vwona n2', 'among us'], [80.08106350898743, 97.91303873062134]]",0.8899705111980438
210,449d1335ce3691fa53c5f30670be360006670f68,1,"[['vwomc n2', 'among us'], [80.64183592796326, 97.22193479537964]]",0.8893188536167145
205,f79394f240fce0da7bc01f6cdeaaca2b46ada8fe,1,"[['vwoud n2', 'among us', 'impostor'], [79.22147512435913, 99.41704273223877, 87.27328777313232]]",0.8863726854324341
179,963282e5b78d2e01a86b5a4fa5dbd549fdb962c2,1,"[['vwoud n2', 'among us', 'impostor'], [73.52315187454224, 99.58800673484802, 92.04766750335693]]",0.8838627537091572
78,475772f7217ec2e57de301abfd3cff872bd20a0a,1,"[['vwona n2', 'among us', 'impostor'], [75.09503960609436, 93.97555589675903, 95.86484432220459]]",0.8831181327501934
69,0fdcf798e38df01a52ac0ad5947f4222a64859e4,1,"[['impostor', 'vwonq n2', 'among us'], [98.41533303260803, 74.27158951759338, 91.69769287109375]]",0.8812820514043171
130,d8d094467ce56ede13dedc9da14f74dfa554ee76,1,"[['vwoud n2', 'among us'], [76.93819403648376, 99.01304244995117]]",0.8797561824321747
128,36ca1efb357cb466bfc582db4fc69dab3e1984e4,1,"[['vwon  n2', 'among us'], [80.00211119651794, 95.94056606292725]]",0.879713386297226
77,03613ec8794b6bf98f4ae263cafdccf6d054ee0d,1,"[['vwon  n2', 'among us'], [80.00211119651794, 95.94056606292725]]",0.879713386297226
148,566c12727ee7f417fbe8919846f370d94421a14c,1,"[['vwon  n2', 'among us'], [80.00211119651794, 95.94056606292725]]",0.879713386297226
228,74cc005552c1a57feed16d4751bd3c1fbb7a3510,1,"[['impostor', 'vwoud n2', 'among us'], [99.49768781661987, 72.29112386703491, 91.4436936378479]]",0.877441684405009
226,e44fc0ce6dd3fb4bdf76af66027c11ca04d74a34,1,"[['among us', 'vwomd n2', 'among us'], [97.61959910392761, 68.41184496879578, 96.70054316520691]]",0.8757732907931011
280,63094b2fcfe46bc394901b231968251c43b3e876,1,"[['impostor', 'vwona n2', 'among us'], [99.51813220977783, 65.81472158432007, 97.18468189239502]]",0.8750584522883098
132,ae008c50c09aaee6babced0b3cd5b6551c32d82d,1,"[['impostor', 'vwona n2', 'among us'], [99.51813220977783, 65.81472158432007, 97.18468189239502]]",0.8750584522883098
242,d8ed68c8657219f8e11febbf689adf8889e5a7ad,1,"[['impostor', 'vwona n2', 'among us'], [99.51813220977783, 65.81472158432007, 97.18468189239502]]",0.8750584522883098
57,f740cdb639804b060b0fa51b0695f31a2baca369,1,"[['vwonc n2', 'among us', 'shhhhhhh'], [66.79767966270447, 96.73979878425598, 97.9668378829956]]",0.8716810544331868
83,9c1f706cc4c3d0a90b58e1c5534015f8c6d76fb3,1,"[['vwonc n2', 'among us', 'shhhhhhh'], [66.79767966270447, 96.73979878425598, 97.9668378829956]]",0.8716810544331868
438,8b3790e98660f3b1949f77ac42542169519f23c1,1,"[['impostor'], [99.52204823493958]]",0.8708179220557213
286,c3e9a716490586b2f996cffd36bf1fb5eee0e40f,1,"[['impostor'], [99.49604272842407]]",0.8705903738737106
364,51fc7da0d1cba3c2cd8f0a3a723dec50c3e5bf4d,1,"[['impostor'], [99.44888353347778]]",0.8701777309179306
420,f071da940df74d55557b2ea05ff69d54d844e3f5,1,"[['impostor'], [99.44888353347778]]",0.8701777309179306
390,d4083b340b045cda7175f642ae98362b26c01fa5,1,"[['impostor'], [99.44888353347778]]",0.8701777309179306
26,0694f3ec53e00b1008a662c41db3a5d27025187d,1,"[['vwouc n2', 'among us', '0'], [64.9809718132019, 99.66436624526978, 96.35790586471558]]",0.8700108130772908
6,533a514c8c422f93173db706aeb8a2e87603e575,1,"[['among us', 'among', 'amonc us', 'you', 'you', 'look', 'lggk', 'sus', 'mb', 'trust'], [85.7915997505188, 85.8435332775116, 80.58316111564636, 96.00656032562256, 96.43482565879822, 72.43355512619019, 84.91673469543457, 72.88020253181458, 95.28411626815796, 99.55734014511108]]",0.8697316288948059
453,02e84e0140c449cf60e451672f210198594ac620,1,"[['among us'], [86.95414662361145]]",0.8695414662361145
392,4b25f813abc2203c4d867845d8b11724b4301be5,1,"[['among us'], [86.95414662361145]]",0.8695414662361145
440,b9862cccf436619cb436886cbda61bcbeb61b28b,1,"[['impostor'], [98.84554147720337]]",0.8648984879255295
215,3da262c4af82a910bae23f89874faf46f7e9d4f8,1,"[['vwonq n2', 'among us', 'among us'], [72.32691049575806, 93.59890818595886, 93.3607816696167]]",0.8642886678377788
437,2e4782df8433b7dee361674f57504a36e1d34a8d,1,"[['impostor'], [98.71925711631775]]",0.8637934997677803
281,7681abd1a0bb570d460989b8c0c6cc853f251823,1,"[['vwond n2', 'among us', 'among us'], [65.34101963043213, 98.98894429206848, 94.15977597236633]]",0.8616324663162231
51,8a47b0c60e13633e8a78299cd14673ac19e9da96,1,"[['vwonc n2', 'among us', 'impostor'], [70.42834758758545, 96.62728905677795, 90.25444984436035]]",0.8577002882957458
229,e0614be54bfaf19965434fef71f85b18c9a46f1c,1,"[['impostor', 'vwonc n2', 'among us'], [99.66398477554321, 60.97167134284973, 95.41723728179932]]",0.8535096446673076
3,a278812a832f24a822e2602b91a7b1f5749926cb,1,"[['impostor'], [97.47896194458008]]",0.8529409170150757
112,50ee88a14ce541ad6f3e07e2a9534f4f57896dbc,1,"[['impostor'], [97.47896194458008]]",0.8529409170150757
387,304a52cba431f97dba26cac253f3fc8f5200efd6,1,"[['impostor'], [97.28802442550659]]",0.8512702137231827
68,43652e597d82e50337e905c1246a8083b942a5aa,1,"[['echeck', 'that s ', 'kin', 'sus', 'tho', '3us', 'simp', 'sabota', 'sus', 'peek a ', 'tt', '3to na meha', 'imposter', '40', 'uquh', 'ahaha', 'bruh ', 'vile'], [97.24559783935547, 88.85904550552368, 84.4313383102417, 91.32525324821472, 99.8434066772461, 61.16713881492615, 95.58842182159424, 99.91686940193176, 72.79428839683533, 98.54541420936584, 69.10581588745117, 67.26534366607666, 99.47267770767212, 82.0171058177948, 63.59214782714844, 88.1542980670929, 98.39083552360535, 74.2962121963501]]",0.8511173393991258
98,1f677c2708856bb52f9180481ff7c0b038d4bbe5,1,"[['monl vo', 'amongu', 'among us', 'among', 'aong us', 's', 'among', 'amon', 'mong us', 'qng us among', 'mong us amon', 'among', 'aong us', 'among us', 'rinong', 'ngus', 'sabotage', 'monc'], [67.5524115562439, 82.45195746421814, 82.64917731285095, 88.53927850723267, 78.64512205123901, 77.34650373458862, 95.36213874816895, 95.61671018600464, 91.67255759239197, 81.86916708946228, 89.0645682811737, 94.70251202583313, 85.39553880691528, 83.32687616348267, 77.77342200279236, 80.90858459472656, 99.8628556728363, 78.06093692779541]]",0.8504446215099759
200,2f3bb532740b6f01a29e46811d4575990671dcbf,1,"[['among us', 'vwonc n2', 'among us'], [86.1031174659729, 71.07874155044556, 97.37776517868042]]",0.8485320806503296
147,062c2b337a37efde2e0f4de2f1909740aa84fa69,1,"[['amonic', 'among us', 'amonguamong', 'amongus', 'happy birthdp', 'imposto', 'happy birthoay', 'aimongus', 'among', 'happy brthoay', 'trust one', '1', 'sh', 'impostor', 'you look', 'sus ', 'day', 'you', 'you', 'happ', 'logk', 'look', 'sus', 'you look', 'impostor', 'sus', 'trust me'], [78.42296957969666, 82.94793367385864, 80.37731647491455, 87.43141889572144, 79.71184849739075, 99.31405782699585, 89.84714150428772, 83.08857679367065, 88.97444009780884, 91.53584241867065, 93.28441619873047, 51.025187969207764, 94.85010504722595, 85.94992160797119, 84.93617177009583, 89.34609293937683, 84.53653454780579, 89.93386626243591, 97.86927700042725, 99.11012649536133, 79.9498438835144, 75.73876976966858, 57.92955756187439, 86.36500835418701, 96.48662805557251, 60.47714352607727, 95.3029453754425]]",0.8462011637511077
386,6df9b0e921a8e9fe7f5ab52e75b22bf72f71173d,1,"[['impostor'], [96.61396145820618]]",0.845372162759304
254,fc45449106e2327b8952f5cfc5be1ccb155c14e2,1,"[['among us', 'armong us', 'wouc n2', 'among us'], [86.51036620140076, 84.02928113937378, 69.9918270111084, 97.32205867767334]]",0.8446338325738907
455,3910618b165634d36452bd8d32a6c792ee728150,1,"[['innerslothpresents', 'amongus'], [99.70431923866272, 93.0327296257019]]",0.8432245887815952
201,044fb26b4775f30ab9ce2e1ee6947b0280e58536,1,"[['vwomc n2', 'among us', 'among us f'], [66.4569616317749, 99.7343897819519, 86.48806810379028]]",0.8422647317250569
214,6937a50bcd6701528d4496c9676fa6e5564f98f0,1,"[['nnersloth', 'rmong us'], [99.45954084396362, 92.98310279846191]]",0.8419365659356117
421,588fbfc391a6644ba71888d68246af0a38ddff66,1,"[['present', 'rsloth', 'amongus', 'polus'], [99.07363057136536, 96.7391312122345, 87.48693466186523, 98.95904660224915]]",0.8361910004168749
410,e66594065219b9e8d23862a199f2b95395452012,1,"[['impostor'], [95.42417526245117]]",0.8349615335464478
206,b3ffaad1b93caca74ac43269f4778aa2a5948885,1,"[['vwon  n2', 'among us'], [69.86424326896667, 96.91795110702515]]",0.8339109718799591
70,8c307a16e0b908adfd02e9383cae74667cd78337,1,"[['innerslothpresent', 'amongus'], [97.91371822357178, 91.56869649887085]]",0.8289855644106865
328,b0462f4fac863cdaf452d525c846801f6fdb0405,1,"[['discuss ', 'amongus', 'rmong us'], [99.60818886756897, 88.5502815246582, 96.03033065795898]]",0.8288840030630431
376,971e5ce3618dea173a57a79da74574d9f7a21aa4,1,"[['impostor', 'among', 'trustno one', 'apmong us', 'impostor'], [99.35696125030518, 99.52109456062317, 90.41271805763245, 85.87625026702881, 98.22887182235718]]",0.8284428179264068
413,8fc1d09c376fc80d7fd3ab840d70d001e5d22cdc,1,"[['shu', 'apmong us'], [99.38931465148926, 89.50151801109314]]",0.826397392898798
65,246203d24b87f8671ec7c21365e811fcd425c42d,1,"[['rmongus', 'amongus', 'shhh ', 'rmongu', 'amongus'], [92.9949164390564, 95.10308504104614, 98.31622838973999, 91.39837622642517, 94.24087405204773]]",0.826093590259552
454,2a1cb620245773522750665f9c99cbc5ef61aebb,1,"[['mpostors', 'trust me', 'red seems kinda sus', 'sabotage', 'vote', 'uemergency', 'meeting', 'su', 'who', 'sus', 'where', 'impostor'], [98.45621585845947, 96.54695987701416, 94.5683240890503, 98.5430896282196, 99.54023361206055, 95.81761360168457, 99.46643114089966, 68.09333562850952, 99.76933598518372, 81.4911425113678, 99.36243295669556, 99.21196699142456]]",0.8245905805379152
110,c70abfbf8030068f185efa992c81b9454aff1003,1,"[['wonc n2', 'among us'], [69.20661330223083, 95.67853212356567]]",0.8244257271289825
109,150a77ba13229d82e8868ceb26d83272e789f077,1,"[['vwonc n2', 'among us'], [65.65366387367249, 98.86454343795776]]",0.8225910365581512
90,1c64833ebc54085fa29ac65a7cfd958c9333ea71,1,"[['vwonc n2', 'among us'], [65.65366387367249, 98.86454343795776]]",0.8225910365581512
424,b8019c2cad1fb1584afefcb65b65b912725e011e,1,"[['sus   ', 'tor', 'amongus', 'you re', 'dumb'], [88.12926411628723, 99.70281720161438, 94.62448358535767, 97.46338725090027, 88.66350054740906]]",0.8200210422277451
240,e46c925b136e654ea2bd2b12f53f01752d2a12a9,1,"[['impostor', 'amongus'], [88.76385688781738, 96.92449569702148]]",0.81238654255867
96,38a8fa37277319f566c064189e7f989a7275b7fa,1,"[['vwonc n2', 'among us'], [64.45852518081665, 96.18104100227356]]",0.803197830915451
322,d206e27bb49c06eea11488db64a794e4a90db0c1,1,"[['sus', 'new fnends', 'imposti', 'thatsounds', 'kindasus', 'te', 'poo', 'emergency', 'meeting', 'amongus', 'nor', 'ge', 'ivam', 'treat ', 'nka', 'him', 'that s', 'little baby ma', 'kinda', 'sus'], [79.44920063018799, 95.45687437057495, 92.0064628124237, 99.67490434646606, 99.7875452041626, 95.20599842071533, 75.5129337310791, 99.35031533241272, 99.4653046131134, 95.40120363235474, 55.35016655921936, 99.49270486831665, 82.11053609848022, 99.99439120292664, 78.32395434379578, 99.51941967010498, 94.29675936698914, 95.38325071334839, 99.8714804649353, 93.31040978431702]]",0.8001716695725918
106,6566814898e6140bce7a3762eeebb4025b5da064,1,"[['vwomc nz', 'among us', 'mposof'], [59.86998677253723, 96.48197889328003, 83.47488045692444]]",0.7994228204091389
75,85eeaa788e97de2b59f604fd1b84e1259761702a,1,"[['2 with filter pocket', '1 with adjustment buckle', ' change size ', '3', 'mong us', 'ieng us', 'amongus', 'crewmate', 'ngng us'], [97.53055572509766, 96.38323783874512, 98.55597019195557, 98.44105243682861, 92.22484827041626, 82.54331946372986, 99.5123565196991, 99.07939434051514, 57.724469900131226]]",0.7991620045569209
428,2777d00eda4f0f252098a2a22aa1f83924852fe0,1,"[['impostor'], [91.23769998550415]]",0.7983298748731613
84,26e418ce1e8fe6617a357e781511d226cfe45f86,1,"[['emergency', 'scus', 'meeting', 'apmong us', 'iam the', 'impostor', 'impostor', 'report'], [99.25819039344788, 54.29757833480835, 99.50695633888245, 87.35328316688538, 88.62334489822388, 99.01293516159058, 99.06656742095947, 99.56797957420349]]",0.7948137260973454
269,dcb832a7c6946b564c83a3d3244d6b2c5c0dc9cc,1,"[['vwomc nz', 'among us'], [62.55512237548828, 95.48578262329102]]",0.7902045249938965
363,bf6e83023cbcb122b976431d7f12a7fc668413f0,1,"[['among us'], [78.84025573730469]]",0.7884025573730469
451,2c64ca51b53c48fcaf8630d927dc53a4a74a14bf,1,"[['impostor', 'here s', '4ong'], [90.69020748138428, 97.58288264274597, 81.63861632347107]]",0.7872424771388373
86,dc35ae67c9ed08081e7fe8592924ab3804840626,1,"[['wond n2', 'mong us'], [81.32509589195251, 97.85457849502563]]",0.7839110754430294
414,5e3ff66ec0bffcd624a6112962ef2b38547fbcd4,1,"[['among us', 'apmong'], [78.60844135284424, 77.89368033409119]]",0.7825106084346771
431,d9021fa7a4809baeb6cadbfa7337f89fb8fa2000,1,"[['impostor'], [89.2500638961792]]",0.780938059091568
47,8f9b4aae8bab89538677a5c6f1290d89eaa8f5f2,1,"[['vwoud n2', 'among us', 'mp o stof'], [66.46512746810913, 93.56739521026611, 74.05288219451904]]",0.7802846829096477
136,896e3a624df5566a45bd45107992851f897b461f,1,"[['among us', 'herostee', 'among us'], [85.06753444671631, 52.41028070449829, 94.83373761177063]]",0.7743718425432842
223,9538489727bd15088eb41df30792a695eba59ad2,1,"[['wond n2', 'mong us'], [78.60596776008606, 97.78927564620972]]",0.771729189902544
126,423aea7db9635fa406ddb7dd3cc864cec0d8dbd3,1,"[['omongus', 'amongus', 'amongus', 'littledreaus tolargeworldstore', 'among', 'h', 'amongus', 'sn 32wu', 'tlaugi', 'ttledreamsto'], [90.11327028274536, 94.53509449958801, 98.3403205871582, 88.69052529335022, 99.9945342540741, 62.43338584899902, 98.34374189376831, 64.95017409324646, 67.84501075744629, 93.97273063659668]]",0.7518164396286011
107,0d88b1376acd2c9b69ad3a509d811cac4272434e,1,"[['c', 'ukinda', 'suss', 'sus', 'mp', 'who did ', 'imposto', 'in', 'ng', 'hongus', 'usm', 'imposto', ' esurersus', 'impostor', 'mong us', 'who', 'mpasta', 'vote', 'amongus', 'is theimpos', ' '], [52.719271183013916, 99.06842112541199, 56.2061071395874, 61.50965094566345, 91.20618104934692, 89.8546576499939, 98.46682548522949, 84.10701155662537, 99.49958324432373, 89.43521976470947, 69.68395113945007, 97.27980494499207, 86.2575352191925, 78.90344858169556, 92.10759401321411, 99.552321434021, 99.81110692024231, 99.49743747711182, 87.9231333732605, 96.45891189575195, 60.198938846588135]]",0.745727963745594
119,9d27c62d39220db582344c2a29aa156f0ae22873,1,"[['vwouc nz', 'among us', 'sm', 'igng'], [61.2628698348999, 99.77630972862244, 75.10937452316284, 61.02464199066162]]",0.742932990193367
76,6db07001d088d93ef41fd2986c83627c7a98b262,1,"[['wond n ', 'among u5'], [81.57232999801636, 87.35753297805786]]",0.7390681505203247
72,1a660508ae3183a16538facdcbebdb17428b2a4a,1,"[['piscuss ', 'emergency', 'crewme', 'ieeting', 'impos', 'oefe', 'ticto', 'energengi', 'meeting', 'impostor', 'x 3'], [78.66041660308838, 92.04128980636597, 69.09281611442566, 90.78985452651978, 97.11553454399109, 84.83003973960876, 84.3025803565979, 77.65700817108154, 96.15041613578796, 99.52309131622314, 50.63353180885315]]",0.732451824302023
0,968bf5e6c99211c2ad8ac27fa55e4651b941d137,1,"[['amongus'], [82.79706239700317]]",0.7244742959737778
81,e9632ccb78abdde9e0719db98bd7e97b58ad3f19,1,"[['happy holidaysfrom innersloth ', 'rmongus'], [95.44892907142639, 94.20509338378906]]",0.711202584207058
118,587d32a88445f6e9fce088b58008deeac5b035b5,1,"[['zogaa', '20omoma', 'snonowy', 'amongus'], [99.41757321357727, 72.5549042224884, 57.733458280563354, 86.32603287696838]]",0.6913199312984943
87,91afd7616eaf48d9bb90b6356d47d258f042f387,1,"[['impostors'], [91.6009247303009]]",0.6870069354772568
129,ceea827880bd62a39957bed61873e7ecd8893204,1,"[['mpostortmposto', 'mpoz', 'stoi', 'mpo', 'stol', 'mpo', 'sta', 'ssepppp', 'amongus', 'pimong', 'us', 'look', 'su5', 'look', 'you', '40u', '40u', 'look', 'look', 'look', 'sus', 'sus', 'sus', '4ou', 'you', '40u', 'look', ' ', 'look', 'look', 'sus', 'hou', '40u', 'sus', 'sus', 'dok', '4ou', 'look', 'look'], [91.14395380020142, 80.89314103126526, 90.55018424987793, 81.71510100364685, 88.37876319885254, 77.76252627372742, 75.68185925483704, 54.29827570915222, 92.31657385826111, 71.51374220848083, 98.16321730613708, 97.08402156829834, 54.22266721725464, 88.77508640289307, 59.15272831916809, 62.450677156448364, 55.124276876449585, 99.24586415290833, 98.0985939502716, 98.91847372055054, 54.70591187477112, 61.05504035949707, 65.7954216003418, 55.93867301940918, 66.05973839759827, 77.30212211608887, 93.43367218971252, 87.20184564590454, 99.42550659179688, 98.72863292694092, 73.17647933959961, 72.69291281700134, 75.94882845878601, 58.94936919212341, 53.76754403114319, 57.84786343574524, 72.94582724571228, 99.06107783317566, 98.65877032279968]]",0.681644062583263
417,8dcbcf453c2147901b273f88fcfcf1615924d59c,1,"[['rmong us', 'fr i e n p s'], [84.19166803359985, 71.2420403957367]]",0.6800224743783474
31,024e85b15c0bb8ae1d644bbfe7d7083376c8171c,1,"[['rpmong us'], [90.54081439971924]]",0.6790561079978943
460,9a6791a009f973e38fccd9ed56711a79a95ba6d8,1,"[['impastor'], [89.27887082099915]]",0.6695915311574936
323,ea6835d3c81cc20ec1418f8c9cfe88619ddd8eb4,1,"[['rimong us'], [84.49780344963074]]",0.6337335258722305
320,d061d50c5c41c611985c34c527bfaeda380a9278,1,"[['you', 'look', 'ergen', 'heettm', 'this is', 'bratswer', 'mpostor', '2', 'ag'], [96.14572525024414, 98.40156435966492, 99.04681444168091, 77.05299854278564, 90.13158679008484, 74.49281215667725, 99.586421251297, 62.73934245109558, 60.616374015808105]]",0.631844699382782
463,d0a8cf4cd898ba8c4bc1435a08b0f7f702860b0f,1,"[['impostors'], [84.04987454414368]]",0.6303740590810776
452,777f9539646b03a257753ec475c9d2793b0c86ab,1,"[['impostors'], [84.04987454414368]]",0.6303740590810776
241,4916f47b2b66953e52b284ca6dba6e4469a55bae,1,"[['100', 'sus   ', 'a', 'ostor', 'rmongus', 'you re', 'dumb'], [68.60983967781067, 79.63586449623108, 66.36220216751099, 91.48914217948914, 88.5788083076477, 95.04148960113525, 98.60605597496033]]",0.6303465025765554
163,04437a357f2bbc9606cda30825366bb76b0559f2,1,"[['l m your fabher', '00000', 'rimong us', 'xvamafn', 'ncus', 'definitely ', 'te him'], [79.17531132698059, 96.76214456558228, 80.05898594856262, 53.10739278793335, 87.46853470802307, 97.64142632484436, 81.87909126281738]]",0.6172423788479396
208,7a2969c0b5642234e69f558eb77738ac0a93e382,1,"[['s', 'xvamaat', 'rimong us', 'vote', 'mcrc', 'definitelu', 'not me '], [64.23331499099731, 55.553632974624634, 91.13073348999023, 98.68921041488647, 50.799375772476196, 95.90673446655273, 96.7344880104065]]",0.5925508822713579
403,cfba7ca70afc12c72f1319fe0225e72c2efce44f,1,"[['nongus', 'mcml', 'xxxviii'], [85.69121360778809, 98.85803461074829, 94.85073685646057]]",0.582083302239577
324,1a222c3692a95dcf10edfc12a68ca4dcd47efd04,1,"[['kinda sus', 'among', 'us', 'crewmat'], [93.74873042106628, 98.88141751289368, 89.33492302894592, 89.05346989631653]]",0.579716470092535
321,c7a40481652e38221fdc8d4dc14521a21b89fa96,1,"[['i no', 'killer ', 'discuss ', 'crewo', 'me  ', 'stor', 'tem', 'ewmate', 'wa', 'scanned ', 'impasta', 'age'], [99.75913166999817, 79.83455061912537, 96.80578708648682, 89.00929689407349, 94.1686749458313, 99.61313605308533, 60.097986459732056, 99.22432899475098, 98.7139880657196, 97.30119705200195, 92.75526404380798, 95.75772285461426]]",0.5745005545516808
429,6424c2bef8b452de12775190ec2487966bb66d6f,1,"[['happy holidaysfrom innersloth', 'rimongus'], [96.25517725944519, 82.05294609069824]]",0.5572128854691982
236,fb2fe9cb113cc9dfb4423d84c71118476571d827,0,"[['meng u6', 'biit', 'r', 'th', 'd', 'happy birihday'], [57.42618441581726, 66.67333841323853, 95.8875060081482, 99.22029972076416, 98.62842559814453, 94.40393447875977]]",0.5335830089946587
181,38efe38e917b7496c4b418818a4b83e33569de81,1,"[['us', 'among'], [71.21882438659668, 98.12896847724915]]",0.5292118526995182
182,bd06ecbf6df132526bc8950275b03d27e96e7764,1,"[['ppr', 'amon', 'ssns', 'ng us', 'sn', 'suss', 'v6l', 'report', 'ou re', 'that s', 'inda', 's', 'cei', 'is', 'su', 'a', 'sus', 'im', 'i'], [50.36435127258301, 89.932781457901, 81.27430081367493, 91.29231572151184, 71.6663122177124, 80.78866004943848, 94.64538097381592, 99.48351979255676, 94.87293362617493, 95.45783996582031, 99.15857911109924, 57.20120668411255, 87.58144974708557, 89.14288878440857, 54.59393262863159, 56.09521269798279, 66.90747737884521, 97.14398384094238, 63.14902901649475]]",0.5002474196647343
395,be4d2abbccf6ce04736e46dc1ca314a540f32f33,1,"[['crewmate', 'are', '2 impostors', 'amo'], [99.62538480758667, 99.89977478981018, 99.19459819793701, 99.69983100891113]]",0.49802448600530624
46,d051f68e17b33942c7c6984228c68d99c83b8439,0,"[['mystery', 'box'], [98.85855317115784, 99.88314509391785]]",0.4968542456626892
382,34be6e784bf761a746a0b4c159186fab606c7cae,1,"[['imp ostor'], [64.4377589225769]]",0.4832831919193268
402,0a28a8aed9d8908a9a0801c0056e958961a0c6c5,1,"[['mpostok'], [77.09682583808899]]",0.4818551614880562
404,b67bc0c0403b35c1487c59fe17cebd61ac1178d6,1,"[['crewmate', 'are', '2 impostors', 'amo', 'e'], [99.47015047073364, 99.91650581359863, 97.12307453155518, 99.7089684009552, 61.19418740272522]]",0.45741288661956786
313,d92e64e40f87cc8c2821c8591ded8d2e588e16fe,0,"[['foce chenging', 'face changing', 'chong '], [87.96555995941162, 91.81216359138489, 92.85516738891602]]",0.4543881515661875
325,a0a10018827f0156be2eca6e2b122eaaabf22a3e,1,"[['imong'], [87.93975710868835]]",0.4396987855434418
224,9312a0394cdca0f19e08f589fb7d5d10b7b73660,1,"[['g us', 's', 'xvamafil', 'i m your fabher'], [92.50211715698242, 71.82506322860718, 65.54005146026611, 90.7432496547699]]",0.400763101875782
219,a25f9ca43101a95e2e1162a85bef5cc8272be1fa,0,"[['imr', 'crew', 'impo ', 'sau', 'en', 'tny', 'stnoc'], [86.76847815513611, 78.7630021572113, 75.22333264350891, 51.541560888290405, 97.67677783966064, 65.77072143554688, 94.01367902755737]]",0.3926839658192226
384,9c9c90fa61f942efa49dd2004aaae43d5badb122,0,"[['singoalong', 'don t', 'talkto', 'trangers', 'let s run away from', 'ourproblems', 'safety education', 'life', 'skills', 'sere', 'timmy', 'caring for your', 'has a visitor', 'emon', 'acttiesfor choren', 'cat', 'let s', 'devil smusie', 'summon', 'sing alongi', 'demons', 'pets responsibilities'], [95.23758888244629, 94.84105110168457, 88.35356831550598, 99.36695098876953, 94.01793479919434, 98.59591126441956, 97.52680659294128, 99.6065080165863, 98.55654239654541, 81.4860463142395, 99.73392486572266, 96.2948203086853, 89.82986211776733, 99.87894296646118, 76.02089643478394, 98.97692799568176, 97.57444262504578, 93.15261244773865, 99.62306022644043, 88.48691582679749, 99.56393241882324, 95.50115466117859]]",0.3549249548126351
398,2cb041728ec9d172bf6655e7651d4fe4bf5fd5b7,0,"[['skip vote', 'sus', 'ange', 'kinda', 'sus', 'wantyou'], [89.5620048046112, 84.25347805023193, 99.31328296661377, 99.53311681747437, 92.76916980743408, 92.19014048576355]]",0.34851324558258057
287,81a3675fb7ca18894b21c8859ac854b51475f906,0,"[['5 ', 'my', 'qvishy', 'wowwer', '0', 's', 'little', 'scan here', 'tm', 'mystery accessories inside ', 'scanne ici', 'dumplings', 'accessoires a l interieur ', 'escaneaaqui', 'iconaccesorios ', 'dart', 'squeeze my cheeks ', 'the gold dumpling', 'n presse moilesjoues ', 'ile dumpling d or', 'iapachurra mis cachetes ', 'eldumpling deoro', 'try me essaye moi ', 'specialedition', 'ipruebame ', 'edition speciale', 'edicion especial', 'pop ', 'pop ', ' lr44', 'piles doton', 'ag13'], [98.90209436416626, 74.73958730697632, 61.00984215736389, 88.72160911560059, 60.606056451797485, 79.53358888626099, 99.61881637573242, 97.01653718948364, 99.39281344413757, 95.43055891990662, 94.77928876876831, 99.65065717697144, 93.3161735534668, 96.45395278930664, 96.62042260169983, 99.57520365715027, 96.1780309677124, 94.89006996154785, 92.43173003196716, 88.68462443351746, 92.82153248786926, 96.88546061515808, 95.04516124725342, 99.11140203475952, 97.1445083618164, 95.69060802459717, 97.09414839744568, 84.64745283126831, 92.829030752182, 93.44817399978638, 75.31678676605225, 92.89664626121521]]",0.3422440511640161
285,1e2688724847e6ace895252f804fc30258f92b12,1,"[['mong', 'whoisit', 'nol711'], [56.05505704879761, 76.21965408325195, 68.48601698875427]]",0.3346012135346731
21,08221fe432a30bfbab6ce9f5d24a3d7bca4ddcc1,0,"[['changing', 'face', 'face changing', 'chonging', 'foce', 'chenqine', 'chengine', 'face', 'face'], [92.29522943496704, 83.19052457809448, 92.97614693641663, 90.58713912963867, 83.85202288627625, 84.29391384124756, 86.84793710708618, 89.97333645820618, 84.13920998573303]]",0.32839810848236084
246,9ad7b8eb219946276feebc36de05e77c2d662974,0,"[['6pcs', 'chonging', 'foce', 'face chenging', 'chenging', 'fecp', 'chenging', 'chonging', 'fase', 'foto'], [99.92094039916992, 95.22918462753296, 87.64308094978333, 89.42075371742249, 94.86252069473267, 69.26031708717346, 90.88495373725891, 88.38173747062683, 72.79085516929626, 55.65766096115112]]",0.31651950180530547
56,13481aac32ac9a6e180fa63c0d67e28ed009db68,0,"[['chongin', 'fgce', 'foce', 'foce'], [79.9371063709259, 61.07801795005798, 87.09691166877747, 91.46971106529236]]",0.29960788786411285
50,b86516a20921881b209a44db66f85dc0cec59831,0,"[['finished', 'design'], [99.74833726882935, 99.94492530822754]]",0.2496165782213211
430,2acbc58203e6d496e54c45890d5b0ff74d7af828,0,"[['hakuna', 'matata', 'kk'], [99.94682669639587, 99.85893368721008, 99.25178289413452]]",0.24921461939811707
48,e3e727f9bb5c637a83b1134eba0fcd4c233e504b,0,"[['fast', '12pcs', 'shipping'], [99.81917142868042, 99.27266836166382, 99.86972212791443]]",0.2491346349318822
356,36e77ab6d16905cfc7fc3e18c287d2338712055d,0,"[['no 1'], [99.50379133224487]]",0.24875947833061218
170,0fcbc0afbc291a9dbb1ce2be42af27641212c62f,0,"[['changing', 'face'], [99.7020423412323, 99.17978048324585]]",0.2486022785305977
436,5f6be8731c35120802d14d86e234ae326d532da8,0,"[['sorry', 'not', 'sorry'], [99.749755859375, 98.55239987373352, 99.68957901000977]]",0.24832644561926526
389,e0b4c7fddb603d83a380b743bc10f12edfb18003,0,"[['sorry', 'no', 'not', 'photos', 'please', 'sorry', 'chuck life'], [99.79180097579956, 99.01152849197388, 98.67536425590515, 99.89809393882751, 99.8159110546112, 99.6756911277771, 95.71544528007507]]",0.2473513696874891
54,7e84619cccd03896837411b0fab22e52d583dfe2,0,"[['pop', 'pop', 'sensory toys'], [99.67551231384277, 98.74260425567627, 97.34525084495544]]",0.2464694728453954
419,6d95124b5ef0e92f047f70dd046d186897d19ced,0,"[['discuss ', 'me', 'age'], [96.14734649658203, 98.64380359649658, 99.68242645263672]]",0.24539464712142944
433,296854874c8894193baaf9cbeae40d9826a02bf6,0,"[['fishing', 'for', 'trouble', 'surf son', 'dinosaur expert'], [97.9024589061737, 99.56991076469421, 99.0321934223175, 96.80812954902649, 97.00075387954712]]",0.2451567232608795
120,495a84f64b910f13609330df71dd2a5f750c2766,0,"[[' gency', 'eting', 'sabotage'], [94.6749210357666, 99.36251640319824, 99.36677813529968]]",0.24450351297855377
7,7dc026543aaf6863f0bc810acda21e888cec7693,0,"[['changing', 'face'], [96.80294394493103, 98.2673168182373]]",0.24383782595396042
316,c1ee4b080b43adc419b18cb0584ee2e586827dde,0,"[['around', 'insoda'], [99.01747703552246, 93.96398663520813]]",0.24122682958841324
177,481ce00ef4bf4e5fa3ed656c317f0993e8ec331e,0,"[['cm 0 ', '7cm 0 21 '], [91.28835797309875, 97.14372158050537]]",0.23554009944200516
442,8fc7ec540f9d5816b609b8f775c404dd7efc3544,0,"[['nos'], [92.85125732421875]]",0.23212814331054688
29,d5e94eee21b701f5f3d409bb1b9bc43a4b47096c,1,"[['smang'], [61.39713525772095]]",0.23023925721645355
375,587864639734fb3fbc29cfd53ff4dfdfba662acd,1,"[['smang'], [61.39713525772095]]",0.23023925721645355
415,7f147ce8766f37719ca878d6a2c46c0cccdce152,0,"[['st', 'emergenc', 'fea', 'meeting', 'cto', 'piscuss '], [70.68898677825928, 95.03990411758423, 97.83677458763123, 98.74790906906128, 98.48549365997314, 88.04070949554443]]",0.228683240711689
447,7643759f30a2445e8084ecf848628b8ae7d81a92,0,"[['anytime', 'oo cotton', 'taton', 'me'], [99.78951215744019, 96.45626544952393, 64.12681341171265, 99.68234300613403]]",0.22503433376550674
314,ed0f22abcc902715f8cf0d968638861d75e534c6,0,"[['flex', '    ', 'onid', 'bacon'], [99.08971786499023, 99.43551421165466, 59.502238035202026, 99.45605397224426]]",0.223427202552557
101,f5dd445f3fff531523efd5fa98a5b1d7700a4aed,1,"[['trick', '2', 'i d skip vote', 'that', 'kini', 'rgency', 'ting', 'mmera', 'sounds', 'dasus', 'new', 'irustnoone', 'i want you'], [99.26007390022278, 82.09303021430969, 91.47026538848877, 99.72618818283081, 84.5486581325531, 98.34885597229004, 70.7831621170044, 57.624274492263794, 99.90929961204529, 93.90894770622253, 95.27976512908936, 89.03967142105103, 98.3547568321228]]",0.2231436440577874
326,b48557ec381462553bef6b130b3d26ba22aeb828,0,"[['12', 'pcs', 'mix colors'], [99.96147751808167, 67.2651469707489, 99.6905505657196]]",0.22243097921212512
352,f7705f1011cd033549d493c5c834bbc4dc8c5bfb,0,"[['omo s talk', 'e', 'made ', 'ways', 'hankful'], [89.74679708480835, 78.27734351158142, 77.48917937278748, 96.60747051239014, 98.64287972450256]]",0.22038183510303497
235,96715c5a94e42f3dd08302802d68f451c7aee27b,0,"[['i d skip vot', 'time', 'spooky', '   sus', 'swmate', 'ire', 'okay', 'little baby manilittle babyii', 'ic'], [89.17121291160583, 78.7389874458313, 94.90930438041687, 87.82992362976074, 94.11406517028809, 76.49221420288086, 99.21633005142212, 92.0555591583252, 77.37016677856445]]",0.2194160454803043
357,223bcefc072091a15b1bdd52debaee6fea601876,0,"[['chenging', 'face'], [89.24107551574707, 85.74392795562744]]",0.21873125433921814
252,fce359f1d829b4d6268d115555f542008482aef5,0,"[['happy', 'birthday', 'h', 'happy', 'a', 'p', 'p', 'birthday', 'r', '0', 'h', 'you', 'you', 'look', 'logk', 'sus', 'sus', 'you', 'you', 'lgok', 'lgok', 'sus', 'sus', 'trust me', 'trust me', 'you', 'you', 'logk', 'look', 'sus', 'mi', 'sus', 'trust', 'trust', 'happy', 'birthday'], [99.34690594673157, 95.7804024219513, 81.18187189102173, 99.30300712585449, 99.56716299057007, 73.0657696723938, 96.06690406799316, 95.02438306808472, 99.00392889976501, 91.72500967979431, 98.93173575401306, 98.06904792785645, 96.5111255645752, 84.34423208236694, 79.19849753379822, 72.80648350715637, 62.66612410545349, 90.79644680023193, 93.548583984375, 83.71349573135376, 83.88103246688843, 57.47455954551697, 58.15266966819763, 91.18630886077881, 96.01726531982422, 96.27739787101746, 94.04417872428894, 81.65336847305298, 84.15117859840393, 62.969738245010376, 58.54455828666687, 63.963669538497925, 99.6907114982605, 98.23368787765503, 99.7374415397644, 95.41343450546265]]",0.21611404998434913
232,d85b67e131550f66f33ee579fd330e84ee65d5fd,0,"[['ocomelon', 'cocomelon', '13 colour', 'cocomelon', 'on'], [85.8985960483551, 90.43352603912354, 99.91040825843811, 89.02451992034912, 65.92856645584106]]",0.21559780836105347
133,466271c1310efa11c64d2f2f8de7173fc9da7278,0,"[['quishy', 'my', 'little', 'dumplings', 'dart ', 'pop'], [64.25198316574097, 77.82922387123108, 98.5401451587677, 94.47288513183594, 88.89356851577759, 90.41375517845154]]",0.21433398375908536
391,e49ceca3d29160d23b9255e1fa19aaffa183ae7a,0,"[['qy lol', ' oloce'], [85.00588536262512, 86.30220293998718]]",0.21413511037826538
448,fc06cacb287cdea9a186109e792b1cc3b34c97ab,1,"[['am', 'us', 'jtvu'], [98.16152453422546, 93.3575451374054, 64.51382637023926]]",0.2133607467015584
155,84ffe53fc6ae40928845936aaf980fb256ac989a,0,"[['3 ', 'x', 'w', 'super hera', 'to', 'a', 'jaoth w', 'for the', 'tash fary', 'icate is awarded to', 'our very finst tooth', ' on this date'], [99.06814098358154, 75.29453039169312, 53.252631425857544, 94.59664225578308, 91.92557334899902, 69.58021521568298, 79.55251932144165, 92.43950247764587, 68.91414523124695, 99.87285137176514, 98.09132814407349, 98.21301102638245]]",0.21266689399878186
44,fd9680d675642a62eb6808d5b6f5eb87599a3e91,0,"[['fber'], [84.3049943447113]]",0.21076248586177826
418,0d4e7b68a1ee6e80e82dd4a894064a6761cf52ea,0,"[['0000', '10', 'surf son', 'sees'], [67.6233172416687, 98.82638454437256, 95.80705165863037, 52.147483825683594]]",0.19650264829397202
366,8db22c2e9fdf386b21489040428caf6c0a48192d,0,"[['white', 'rar'], [99.75293278694153, 57.28837847709656]]",0.1963016390800476
461,d8fdca3761d5fd3a3f99a8aeaeb907107f6a71a3,0,"[['atenb', 'nv60u'], [94.31403279304504, 62.648189067840576]]",0.19620277732610703
23,638e9be202ab92c212cdf7df446df88f14d90fba,0,"[['troblox', 'blo', 'reblox', 'ble', 'ble', 'koblex', 'blo', 'trobiox'], [87.12356686592102, 86.18263602256775, 72.83857464790344, 62.78008818626404, 66.96246266365051, 82.34063982963562, 71.51179313659668, 78.31249833106995]]",0.19001633115112782
347,7e43b0964d70deddbe650f950dffb8929de70f67,0,"[['tore'], [74.57685470581055]]",0.18644213676452637
100,9bb15584c8b3c0c82313e12c83e4aa91bc6b796d,0,"[['iess', ' comfstoe 1232345mhc'], [52.6858925819397, 93.25361251831055]]",0.1824243813753128
332,30860eb7ae6452bcc67d8aa06b5308c650d99507,0,"[['jamg'], [69.54070925712585]]",0.17385177314281464
66,0e55c6e25ccbadad918d33f59b2fe74d5a54a479,0,"[['oooogo', '00000o00000g', '00000000000', '000000000', '0000000000', 'x'], [77.43996977806091, 51.7869770526886, 53.57002019882202, 66.38008952140808, 73.35702180862427, 51.1985182762146]]",0.15572191526492438
307,d763571d46c0e0430a52ec2ea9d141c5deefef68,0,"[['xox', 'o', 'iodx', 'odoc', 'ooo'], [57.0229709148407, 56.29374384880066, 57.20870494842529, 57.90603160858154, 52.33011245727539]]",0.1403807818889618
268,5705acde011a38b4e49fa205e8f13e77e17f08ad,0,"[['a'], [99.89132881164551]]",0.12486416101455688
449,f44b5b470423248e15cb5a28a1200311af2a9c1b,0,"[['werueruy'], [99.75606203079224]]",0.1246950775384903
342,72c89095a5e1e4c81465d0afe0e1e83cfaf7aa23,0,"[['free', 'shipping'], [99.53334331512451, 99.72795844078064]]",0.12453831359744072
237,7513c9a7c20d9b9af026b8af7c05105c65be0df4,0,"[['14cm', '10cm', 'face changing', ' '], [99.97784495353699, 99.9666154384613, 99.05775785446167, 97.08897471427917]]",0.12377849780023098
63,4cdb5f0a8e2576019418c1ffe1ef0469e450e72d,0,"[['14cm', '10cm', 'face changing', ' '], [99.97954368591309, 99.98698830604553, 99.16514754295349, 96.57915830612183]]",0.1236596368253231
345,5928f5964519c830b2d0c368213e42dcbfd8021b,0,"[[' studio', 'r', 'diy', 'plushcraft', 'unicorn', 'product', 'information'], [97.93307185173035, 99.25389885902405, 97.4532425403595, 97.04837799072266, 98.30576777458191, 99.7674822807312, 99.63328838348389]]",0.12310627315725599
103,4026911db8acc3f6b61487c7db2d0ef85a3328b6,0,"[['happy', 'rew'], [99.67246055603027, 97.16668725013733]]",0.12302446737885475
199,5b6f25368a9667b6e84ad999e2334f776af79811,0,"[['14cm', '10cm', 'face changing', ' '], [99.97379779815674, 99.98781085014343, 99.1981565952301, 93.84583234786987]]",0.12281424924731255
378,e5680a668d1dde847897a26235dce9095d081e43,0,"[['2pcs lot'], [98.03323149681091]]",0.12254153937101364
97,2d6582aea10d6ca93723d335f7d2aa293e652826,0,"[['14cm', '10cm', 'face changing', ' '], [99.97764229774475, 99.96694326400757, 98.9988625049591, 92.03029274940491]]",0.12217929400503635
233,b6bc6e56f1ecca59323262fb7dd36fed73dc7c79,0,"[['discuss '], [97.70172238349915]]",0.12212715297937393
425,c62ddd0d95bcebd59d42bc0435f3f29aec03e01b,0,"[['anuelaa', 'rosalia', 'jbalvin'], [99.39426779747009, 99.88900423049927, 91.94716215133667]]",0.1213460142413775
333,87f6c0b58c02cdd9811292cbd297839f4631a5f0,0,"[['tiktok', 'tiktok', 'tiktok'], [96.869558095932, 96.45478129386902, 97.56746888160706]]",0.1212049201130867
221,49d3d3166e5004d15d274b24d34a42e680d09829,0,"[['i wantyou'], [94.05112862586975]]",0.11756391078233719
28,8fa52930b2c6766780c8922322161f1e3abd2472,0,"[['jeitoys', 'on aliba'], [94.07747983932495, 93.02530288696289]]",0.1169392392039299
374,f547674f86dabafe62cbf4fad5d4bd072f6d127b,0,"[['oraragemom', '00', '00', 'cran', 'tyrani', 'sauru', 'rex'], [82.01729655265808, 87.42843866348267, 77.24077701568604, 99.29109811782837, 99.28042888641357, 99.27040338516235, 99.69075322151184]]",0.11503914211477552
244,5ac72c9910aa1b2198911cb09a58705c0b3cb07d,0,"[['j', 'tiktok', 'tiktok', 'tiktok', 'tuktok'], [79.02573347091675, 98.17394614219666, 98.83920550346375, 97.72033095359802, 79.78801131248474]]",0.11338680684566498
122,cb57f65f51cafdfcee289f7fd81d2668fd013b36,0,"[['14cm', 'cei', 'face changing', '10cm', ' ', 'cf'], [99.94589686393738, 89.63212966918945, 88.03338408470154, 98.6837089061737, 98.23247194290161, 67.33755469322205]]",0.11288857211669287
300,b2e40cd8d31e6d28349155ae601b01e7773aa629,0,"[['prou lyeyoc aneup', 'fabric 100 polyesterfiber', 'age group 3 years old and up', 'or 100 polyesterfiber', 'contains sharp', '3years'], [57.10092782974243, 97.72641658782959, 92.54804849624634, 94.01960968971252, 97.39971160888672, 98.96504878997803]]",0.11203328395883241
89,00c6913f308d438aee23312dbab1289c33bce736,0,"[['14cm', 'face chonging', '10cm', ' ', 'cf'], [99.97420907020569, 91.25671982765198, 99.78824853897095, 85.84418296813965, 67.98425912857056]]",0.1112119048833847
446,cfaccfa730fca29e0df6f2e18b74735951d18428,0,"[[' ', 'taoheihei', 'idk bro', 'you kinda sus '], [76.12440586090088, 89.21854496002197, 94.87249255180359, 92.8831696510315]]",0.11034331656992435
43,157bab708372ba74a279d09bba80b358a48145ed,0,"[['free', 'shipping', ' '], [99.53958988189697, 99.75179433822632, 63.971567153930664]]",0.1096928964058558
367,63d74c02a5d0aa2fea78e84e3078de2c4515e834,0,"[['a'], [87.47263550758362]]",0.10934079438447952
465,a2db2c697881750d70feaa1a90d4f271338b9337,0,"[['mw', '2022', '2022', '2022'], [50.431305170059204, 99.9503493309021, 99.58328008651733, 99.76246356964111]]",0.10928981192409992
464,43a18980d983e7835ce8a9f50ae8953390197f73,0,"[['emergewcn'], [85.80133318901062]]",0.10725166648626328
416,f5c64acf645121142d1b9abc4d39dacd06dd20b3,0,"[['tiny', 'spaxk', 'toom timer'], [99.47360754013062, 78.56665849685669, 79.19121384620667]]",0.10717978328466415
186,0ae632d820bae31f5b784d06cd512a6dd78dc82f,0,"[['a', 'reversible '], [70.03086805343628, 97.6691484451294]]",0.10481251031160355
441,4ab85fd23cdfda40c727f6beb1f39880ec9d3f8e,0,"[['2022', 'hilp', '2022', 'e', 'afillp', '2022', 'qimi baby store'], [99.513179063797, 68.17315816879272, 99.81729388237, 63.24921250343323, 59.89806056022644, 99.45234656333923, 93.18339228630066]]",0.10415832911218915
239,9159ebfb5d386055de8a240d3dfd566083beae75,0,"[['m', ' '], [96.48942351341248, 67.39007830619812]]",0.10242468863725662
88,a8844ce5285dc287fac998e343b15d328c05f2c7,0,"[['einchin'], [81.40050172805786]]",0.10175062716007233
381,ca286d5c4a6a4f45283f8ebed5c99f1199aa302f,0,"[['robiox'], [81.31559491157532]]",0.10164449363946915
278,2f2ab5d75f6cd2c237415694b0756c060c3df478,0,"[['shubble', 'c'], [99.79777336120605, 62.27341294288635]]",0.10129449144005775
327,40d1848973cc09d9c0cb958cb4c3c76529bd2711,0,"[['ik', 'tigcrnu', 'tigernu'], [67.47934222221375, 85.6564998626709, 86.04717254638672]]",0.09965958942969641
114,1bf8c290994c1b1230639eb4f50373a206b8c37f,0,"[['4 14', 'fat72', '31 5', 'store no  912613465'], [87.21485137939453, 61.51096224784851, 62.16925382614136, 98.10060262680054]]",0.09656114690005779
22,e63eeaf641772399fad108d7518c7f20ae6cf2df,0,"[['datoba2', 'to', 'to8a2', 'idatoba ', 'dato8a'], [74.5079517364502, 85.83778142929077, 83.92087817192078, 57.07046985626221, 82.53352046012878]]",0.09596765041351318
354,731c900b22a9995cfd8c628df662ff23aecb8248,0,"[[' '], [75.6099283695221]]",0.09451241046190262
256,c869bc4b4995f0cbcd693388d9434400261e11df,0,"[['ce', 'ce'], [54.49308156967163, 96.44827246665955]]",0.09433834627270699
38,a9c79420501913aca459bcea1407e1356d6d6808,0,"[['3000', 'a00c', '000', '90000', '30000'], [88.10404539108276, 58.93641114234924, 78.15960049629211, 67.90863275527954, 81.3463568687439]]",0.09361376166343689
134,e35d519f3083f70468a13ec06f5d8a31b3b4540d,0,"[['ce', 'ce'], [51.788949966430664, 96.6410756111145]]",0.09276876598596573
251,e1744fb2ee54fa5be8c74d665517b262e37db868,0,"[['ce', 'ce'], [51.54627561569214, 96.70883417129517]]",0.09265944361686707
189,14c10ba14cadd8e50f5601ebb60312ea0c1ce1a9,0,"[['rrr'], [68.6155617237091]]",0.08576945215463638
329,eb2db0d8194a3514d88e6c2e3fc378c181f39aa0,0,"[['t'], [67.72540211677551]]",0.08465675264596939
295,dd43889f8b6deca6888ab68bd2220a676f50be7b,0,"[['ooo'], [65.05230069160461]]",0.08131537586450577
284,3a1667e0f01a20d9b7e96a9792517bc1795a6344,0,"[[' '], [58.47143530845642]]",0.07308929413557053
257,d2dc91384ead8854558a8ec47372a24b6b3b1ca3,0,"[['n'], [58.229464292526245]]",0.0727868303656578
331,76a209001d0c26262cb62809c01b0a8274e555fc,0,"[['y0o'], [52.87545323371887]]",0.06609431654214859
73,bd4ddf3ee89ea2720fd5d26dd3982ad75ba5e6db,0,"[['j'], [60.74749231338501]]",0.0
157,dc494b1b01a7159eba9d8fd073598c31d0a50d02,0,"[[], []]",0.0
156,16c14bfa8d34d12ee505b4decf9072afe585e104,0,"[[], []]",0.0
154,7ff8342433411e5b2bc714f9d3a78cefe574179a,0,"[[], []]",0.0
153,cd756ea5723f15dad3f0124df8167db449886f57,0,"[[], []]",0.0
151,458fa0f3d1af67a1801f915c1c34b9536589a27c,0,"[[], []]",0.0
143,5854cdaf93300c353fdc8e00bfb2bb02f35b82bf,0,"[[], []]",0.0
150,9ffb38aa1f0352cbdce9a772fc8f571ad1c1dcba,0,"[[], []]",0.0
149,545418e1217bad7466bc73002873a608717a4126,0,"[[], []]",0.0
94,d1acfd695d0ee7e04eb02be42ba83c74d661b93a,0,"[[], []]",0.0
95,69ef2ab1fa5694d1f6ab2cabc3b44eaaef0e2ef9,0,"[['1'], [56.310296058654785]]",0.0
145,50f78f1daf5e325b3b3bfa0d092ce0c70816d23d,0,"[[], []]",0.0
144,efb4f946668e931ab3d7f1a93fd60bd1a0ea46d8,0,"[[], []]",0.0
211,6e5f7073f7fae77ad8c0b05c8ed2efca8e492c15,0,"[[], []]",0.0
248,f1aecc818dd8856a55584d411819a701202f2eb1,0,"[['q'], [77.40391492843628]]",0.0
212,4715f734def7d30737cf8eb026097c3d3f6b0bb6,0,"[[], []]",0.0
213,1f3fb7a22bf8e6d47fbc94a56377fa38a2262e33,0,"[[], []]",0.0
294,18c6e34a6c0c54f1a5f18c49fd3249a289494097,0,"[[], []]",0.0
293,7bfd6c974648f47435e1055e9d81076ee3ded6a3,0,"[[], []]",0.0
292,c27da39a990e65ccfd3362d284a315bfb046d597,0,"[[], []]",0.0
115,1fe1e3509f806b1242ab873f1030e9b78206029e,0,"[[], []]",0.0
290,cd2b49b2add0fe42e6c00bc51d57b4041ab2fbec,0,"[[], []]",0.0
289,da42a9af3bdb24f440aebf2582b27722f7b7de01,0,"[[], []]",0.0
288,ddb5eb81dcfb30ef636fc41314812637e650342b,0,"[[], []]",0.0
283,374b73c670d96776a66e563f8885a59c2c0513fa,1,"[['among us figures set'], [98.3774483203888]]",0.0
282,91c884ae7c30c8906c12451f11853e551236e141,0,"[[], []]",0.0
45,c89f11ccf6c5b638bda6c8ef7c0cb2470a31b028,0,"[[], []]",0.0
158,4d5ae83d313dc03f2648321e781f787fbf9caba2,0,"[[], []]",0.0
159,4498b4ba4fa5ff20856055201fe1a11f445ae838,0,"[[], []]",0.0
152,7912abbea82a28b57cb950f1cea23c1e2d1035a0,0,"[[], []]",0.0
142,f46b062adca6045d4f1b62082952faf1051bb68e,0,"[[], []]",0.0
196,e20c166d0b14bb47b892ac9af748140a0262bd2d,0,"[[], []]",0.0
195,c41ce672fe84d54ce06225b8f5f626dc9602e6f5,0,"[[], []]",0.0
85,ac82e48364713bfcef682002b4eeb559291f6c20,0,"[[], []]",0.0
191,a0dbcc2f5c68ca99d7a6efff553d73eb8a53318c,0,"[['reversible '], [99.36984777450562]]",0.0
164,54f7a0f748ecd1fe7223083e48b992b5b7abf038,0,"[[], []]",0.0
161,57dd24d02d24d57055510440681e9b37586c3815,0,"[[], []]",0.0
319,5c28705e436d528dbbfc8161fa6cc94814eea38f,0,"[[], []]",0.0
160,b835e5ac908ce10a8a14bef2a4b38f2d28e8ddc0,0,"[[], []]",0.0
139,a22bd4ee1239e40d7b5fd29c8903f255a62208fd,0,"[[], []]",0.0
138,ec66f6ae24485b59e8d497eaf1bb614e1f777119,0,"[[], []]",0.0
137,d15c2f2b22aa05cfb3ac6757ac4739071dabe567,0,"[[], []]",0.0
99,d604969b857c7ce5d9c44aaa8bdf556a16f65d10,0,"[[], []]",0.0
135,b110e89246d4d6c02202aae44d4a44007d65147f,0,"[[], []]",0.0
131,aaf3846a6b2493281e3e24c772306a9fdefebdf2,0,"[[], []]",0.0
102,d85cfcee520501e1474d703d1d9099f53e6bd6b2,0,"[['babicolor'], [97.96776175498962]]",0.0
127,60fe389c22957a186a8d397cb2a1d83642684c6d,0,"[[], []]",0.0
125,1c2fc1a56943d6c44b4cd3e41173a4aed5a92ed4,0,"[['flim'], [93.28916668891907]]",0.0
104,c6c35f58d2c31e0f901b42054121ebc71cb7b365,0,"[[], []]",0.0
123,8c8a0dccde688fc15ed5e631b828a932b676d960,0,"[[], []]",0.0
121,c08a73009ec22c00ad99bf3a4dabab7067c877a4,0,"[[], []]",0.0
113,53f3b264abb83f8872675e227e77807be30d7382,0,"[[], []]",0.0
117,496d5b0e0ee1a0ce5667a74ac71f539802710268,0,"[[], []]",0.0
116,417c3095dbe5c4797697e93f91aa4b70a76c44e4,0,"[[], []]",0.0
140,f423477083e0b4310b59d9904d01821a3c11aa34,0,"[[], []]",0.0
141,85be7423036a5d364e4962cba43a73ec03a25e16,0,"[[], []]",0.0
279,bd08f76eee22a2542b95581f343a4b8366804b2e,0,"[[], []]",0.0
276,7875010cc437c2c4340a24c8e6d188d30cf53d46,0,"[[], []]",0.0
197,59e6db60e018c3c16549525c84bb5a0d62f68c65,0,"[[], []]",0.0
62,623f79472d8a406fbe1bc47e0abdc74d076cb859,0,"[[], []]",0.0
222,6c5b63a49e6c2bdbf7b7a392ebca2c71f6ffdfc5,0,"[[], []]",0.0
243,8156da760d844e0565d276fbfce74e823b269608,0,"[[], []]",0.0
220,1490d5854da29aff646b1c39a689364d0658690e,0,"[['face changing'], [99.66462850570679]]",0.0
218,53156ddfc82e8af5c161cccf34838d65c4645577,0,"[['reversible ', 'reversible ', 'reversible ', 'reversible '], [98.09234142303467, 99.45202469825745, 98.8260269165039, 99.03051257133484]]",0.0
217,a7e6c86fbe479e9ed1ef0966ac6cec85a5766ee7,0,"[[], []]",0.0
216,dafc0cd3caebaa5b95465843ca5d997fe5dc3116,0,"[[], []]",0.0
67,70dc0c921966f16c05fdf02285f5ce925f1e8c6d,0,"[[], []]",0.0
71,4a6893d8b97a8ecf193c7331c3827aab870aa0a5,0,"[[], []]",0.0
55,9e2909d0c6acd61613cc9a46c1dc58729ea5de00,0,"[[], []]",0.0
52,6729a8acdbfdf092fa517651c9edbb0279241977,0,"[[], []]",0.0
267,40122c1b0c33c97d1426b74fda4518eca227523c,0,"[[], []]",0.0
260,e98139bf72846c793c3d56106cad6a981b0ba02d,0,"[[], []]",0.0
266,91047426df11d080c440889c12b6b1ef4d0da942,0,"[[], []]",0.0
265,6f4afa036c5f4d298e904fc0ad1183045b78c231,0,"[[], []]",0.0
264,10f24b0feb84c7ae401dcabdcf651510b7fa45c1,0,"[[], []]",0.0
263,92f525c70035e5659759ec82b5b37236ab39407f,0,"[[], []]",0.0
262,881d5c587bd057df3a0e0826ff26a2f8cbb84f56,0,"[[], []]",0.0
261,829c17fa2fe1162ebb8ef317043769282b21bb77,0,"[[], []]",0.0
259,0531e332c41353d00e9c03d3c969bc087da1afc5,0,"[[], []]",0.0
247,e231aa3d9192f71b16011a1f1a79df74c6a5cb63,0,"[[], []]",0.0
258,70b6e494cef1b9958e2a49da3fdedcdffd34a3b9,0,"[['someone call an emergency meeting', 'this drip is sus'], [93.38660836219788, 98.23627471923828]]",0.0
255,db3bf0323892668a79a645a2175b4eba79595746,0,"[[], []]",0.0
253,1c54e725e554efcb9aa5aecbb5c75b88808be12b,0,"[[], []]",0.0
250,813d0a9fc2c7c95c3c336d4c8f2366a26a7447ad,0,"[[], []]",0.0
249,0389232f6d8ca21b41fb4cebe47b33bb30a19dbe,0,"[[], []]",0.0
64,596113e6cce11e32fd4122e221c0f952fb13b3a2,1,"[['among us figures set'], [98.3774483203888]]",0.0
60,2e1e4039fb68607e15f6b3c477a226b26940d934,0,"[['shhhhhhh'], [96.45072221755981]]",0.0
274,c3608eeb69e0d1cffb49d009f01ab4ba4b9321d4,0,"[[], []]",0.0
58,8632e3a8b61f01a3ec4f487548fa4072d2d7eedd,0,"[[], []]",0.0
273,051f30ba43af6b51253461ce18eb6074c82587eb,0,"[[], []]",0.0
296,2ed405f3ffd054ad5f8eb75a876b559af099ca95,0,"[[], []]",0.0
297,9f5b9e592b712433195c4522f935d028c0cebc0a,0,"[[], []]",0.0
298,4ca29599062246dd0359969caf468135e5d11f70,0,"[['face changing'], [98.87158274650574]]",0.0
309,a3832ede548503904fe235fcf127ec0280542ef3,0,"[[], []]",0.0
318,f723bdf731e27623ece187e51b3b5baffe0fe2ff,0,"[[], []]",0.0
317,dd276514c16724aeb72abe76e3c2d445f3c69249,0,"[[], []]",0.0
315,cdb05757c679ad4e7abe789fbe0f99ca60e8d403,0,"[[], []]",0.0
312,4ef615ee56e22bc906c2d59b57a4be38a3eac109,0,"[[], []]",0.0
311,089e4bf5b67100d05c22b9714e366f1b537ca11e,0,"[[], []]",0.0
310,c1ef09bff65eda049d0351700ba21997650cd8e9,0,"[[], []]",0.0
308,3e7a50ea4d66980009a0add380ad692e60a48fa4,0,"[[], []]",0.0
299,d078013adf6fd59d28ac24f459b80cdaacb8d69f,0,"[[], []]",0.0
306,62fe4add60b59461deee8c0abd364861a8130000,0,"[['c'], [57.03853964805603]]",0.0
305,50f78f1daf5e325b3b3bfa0d092ce0c70816d23d,0,"[[], []]",0.0
304,a9d53e41e54266368666df7d9ae98d8f0ce61b52,0,"[[], []]",0.0
303,1548b89e33af4a91ce321f5200aac5c535172762,0,"[[], []]",0.0
302,903ef10c222ad153f421f4aa8ad13bdf6e3fdea1,0,"[[], []]",0.0
301,f6d83004a1bb8c448fef7eae4afc0953269cf696,0,"[[], []]",0.0
272,0f5783abdb1fcc3b3100272a2f12603001c2906f,0,"[[], []]",0.0
271,a4ce8191d7c17d2068ca769655a5add8fe130fcb,0,"[[], []]",0.0
270,b9855a923e969c83582b147d287319213291120f,0,"[[], []]",0.0
225,e1ec81067d9847b315160f894936cc6959fa392a,0,"[[], []]",0.0
1,68ece3fab138feb537eee296f3348f3543e23a1d,0,"[['zfsz en alibaba com'], [92.13441610336304]]",0.0
231,dba8307b3cca61dc49736eb97b4d579eaa0c8ba7,0,"[[], []]",0.0
275,8ad0323eb93e92c91d09f93aa55b2d97f1c3351d,0,"[[], []]",0.0
198,94c2a58f9c5efc5509f26f41df3c832671fa008b,0,"[['salvya'], [99.57415461540222]]",0.0
190,94ec2a0fabd8d991f58254792854266f0d2c3f58,0,"[[], []]",0.0
14,9b1a58d7518de9683b9f59f74da21beff79ed102,0,"[[], []]",0.0
365,c0fed2820fd8e32a530c5b4f78cdefdb083e42d9,0,"[[], []]",0.0
400,97e5c8014336d6f6d4d6badc73fd1d0ff65bba16,0,"[[], []]",0.0
401,b32f406d4e9fef15682cbb4551115f88e86797b8,0,"[[], []]",0.0
27,76a12d15ddd12600de572dddd2990f01a7bfab44,1,"[[], []]",0.0
407,3e61c9c161e8642e7824675050c78438b4c9206c,0,"[[], []]",0.0
408,7d6aa0e4ff0814f0a39427ccacd5e19d9a477a46,0,"[[], []]",0.0
409,39bf9b2484b3ee4faccb1755bb95d17805d8ca4d,0,"[[], []]",0.0
25,f1eb2466233b2033367e7d3eb51fa9bc8fe745a4,0,"[[], []]",0.0
445,empty,0,"[[], []]",0.0
411,8155dc1d176e9f0067746d5659bbbc5d09fc5bb9,0,"[['2'], [84.37612652778625]]",0.0
9,c74d92fc4f342df4e9a7bf9db1b77ad5cfeea89c,0,"[[], []]",0.0
443,758737a8506166344feabc9353fab8baab511758,0,"[[], []]",0.0
20,d502b24e3d6de8aef90ec3333231781bcd3ee9b6,0,"[[], []]",0.0
19,f9a95ce8ba0d6c55daedc60805c7ca8740f30843,0,"[[], []]",0.0
18,cc47e5e9c6da775ffeb32b6eb6f29f5acd80e358,0,"[['reversible '], [99.58053827285767]]",0.0
423,b43e1f09bd8dde3e6d0a65b7fe3a096e3e8779e1,0,"[[], []]",0.0
17,dcd35198dbcc36fca45e6e1075e6c69ac0b2f7bb,0,"[[], []]",0.0
10,58a20f7443781c01313b768cafd50d61c1e1417a,0,"[[], []]",0.0
426,4abb75778021209643f980f47e2e5a6ee21b7fa8,0,"[['lib'], [89.62984681129456]]",0.0
427,bb026d2ab1d9d069033035d6a310d90e4a75ca07,0,"[['sequin flip', 'sequin flip'], [99.98806118965149, 98.50248098373413]]",0.0
16,8658d259b32d38fafde93a91b05581072f1fdf66,0,"[[], []]",0.0
11,c239a8346b8528d479bd783e95124e549ca4dba0,0,"[['salvya'], [99.41762089729309]]",0.0
15,0efde6e8e8498ec92bba07470b516c832f51dc9c,0,"[[], []]",0.0
12,4df5428199de63c96f67a377ab7cdc771a9ef5d1,0,"[[], []]",0.0
432,2d1635db125a952c479e7ca623b3cb77ec8245c8,0,"[[], []]",0.0
37,c5b860ca154f6de8e4fcac2b55ccc92589c4ab9a,1,"[['type a 12pcs among us', 'christmas style', 'height 8 10cm'], [95.75654864311218, 98.27935695648193, 97.75251150131226]]",0.0
39,29e59e791444c7e8e8ee5a4e6f20336b0c3ccecc,0,"[[], []]",0.0
450,1818410beb2f12283a6ab72db3b988ae56fd3b3e,0,"[[], []]",0.0
351,62880f68ba57c124633cf5cae0cc8700e363d4e6,0,"[[], []]",0.0
360,239b68ab3ddd597ee7072054c229a858b60197d4,0,"[['00'], [58.191978931427]]",0.0
358,183d025c90a0398a3c6f5e850a87e42644dfe38e,0,"[[], []]",0.0
359,3973aaedacc9a1a014ce8951163c8a5bd2bbe4fc,0,"[[], []]",0.0
361,3827a49a2014f75ae24f9e140bbb1033e0b4accf,0,"[[], []]",0.0
355,634457ae6a0469f655cf9ba4e1bf548fe4676b02,0,"[[], []]",0.0
344,320c22f79f154f28b9f6930ac13e8a40fbb9aa5c,0,"[[], []]",0.0
2,a31d8c30452d17221b0d8d4f9ccf50bf8dfff0cf,0,"[[], []]",0.0
338,b9f8fb9900b3924350afaec3dead516c07ec2163,0,"[[], []]",0.0
467,a8057438d83d4fc141347237c23e2d3fc714d43f,0,"[[], []]",0.0
466,077d6694396e202064fb5b01b42837d2949e4ce7,0,"[['shhhhhhh '], [98.25758337974548]]",0.0
41,d356318f541375563c283eac226d79b5d63d13f0,0,"[[], []]",0.0
330,ae294b1de33fce79d97490ce36f6bb06f78ca8a5,0,"[[], []]",0.0
40,c9069dc81dc1a0f93f1c7e0914eaa92a45af71a6,0,"[[], []]",0.0
335,bfe736f5ad59021f334e0836395f47d313655215,0,"[[], []]",0.0
336,e166345238a1207566bb5a5ad5a9c984ea9fbe39,0,"[[], []]",0.0
337,ae9b1408b2e96083746713d842f252996a0519a3,0,"[[], []]",0.0
339,aeb0a8c22c5400b164b10d73b680292b89e0ed04,0,"[[], []]",0.0
353,139001b3322c1f616915f6cbb68f2c1d83556fff,0,"[['reversible '], [99.93448853492737]]",0.0
340,8c849a3e6457fd38d552d01121c5b35cfa833e13,0,"[['bich'], [65.421462059021]]",0.0
341,21844dde2ab078eab04f18e061b3bdbea94e1156,0,"[[], []]",0.0
343,2e1b3ec93eeaede75f7cf303dec6b1a732255462,0,"[[], []]",0.0
346,4540136111ed5af0a6f2dafe269d6609aa626112,0,"[[], []]",0.0
348,82abff9c5c80e598f3291dc445279cbe26661b8b,0,"[[], []]",0.0
349,47bb74c01054d18921cd87dd2739f8ea4803dc78,0,"[[], []]",0.0
350,da121bf387aebd7d8a72f7d035c997e739a718c8,0,"[[], []]",0.0
434,6a27785ac3cfc1c703bd5d9c9f6fd7e9a24c45be,0,"[[], []]",0.0
397,bb7c830bad2c96d97057eb56e114c718d8000494,0,"[['shhhhhhh '], [98.20579886436462]]",0.0
82,ee694a076e16a01d1b641bf5771c5b7f4eb477ec,0,"[['reversible ', 'reversible ', 'reversible ', 'reversible '], [97.9357123374939, 99.48705434799194, 98.91608953475952, 99.08248782157898]]",0.0
42,3ced5062b8e4dac761565ed885ebc3957d224c2f,0,"[['20cm 7 8 inch ', '20cm 7  8 inch '], [96.23761773109436, 95.82113027572632]]",0.0
183,c701ce57d89a7e93c74ede267d780158d2360fe8,0,"[[], []]",0.0
180,61654bed546ebf6c7f17d24bbaaebec591ff6eb6,0,"[[], []]",0.0
91,89421a4f479461143c932819a84a795e288f13c4,0,"[[], []]",0.0
92,e8843ac7a57f21c85dd2ccffe1f91a6e8a9b0aec,0,"[[], []]",0.0
176,059e6db0c30c3a1b6ff039bf21ad69f686ff8984,0,"[[], []]",0.0
175,f312a85228e272c03b43fd600cdb87ae309f370f,0,"[[], []]",0.0
174,aacf9f36a465292e9b08652916122bbac035a2ae,0,"[[], []]",0.0
173,bb45e2775a3efbbad51472ad35ff78d37057a9cf,0,"[['reversible '], [99.666428565979]]",0.0
172,d1fabd75b121460542679376086ef8330705e1e6,0,"[['10cm', '9 5cm', '17 5cm'], [99.384206533432, 99.18966293334961, 99.513840675354]]",0.0
93,d557a2a5e2ea6b9b2a872e82f989759d177bc1a1,0,"[[], []]",0.0
169,0e3712e9e54506d51f9f04e9f807158cd6d440e0,0,"[[], []]",0.0
168,b135c6d63b92f69cc447e4e665730d83d2e1c1ce,0,"[[], []]",0.0
167,373656e5c3d7fd347c5db5aa2a392d24ec276edb,0,"[[], []]",0.0
166,d4a826b2c88aa02971e788a36b053cae2e1dc7ef,0,"[[], []]",0.0
165,39694d0620595a958e6c285660ed2f565d8207bb,0,"[[], []]",0.0
184,a86c7f0cb0ddec5105d0f406e9eacd7b98e9f826,0,"[[], []]",0.0
185,6c80b477a09c354f49816d1105854cd8b54a9688,0,"[['hhhi'], [85.06634831428528]]",0.0
187,e0d18c15500cdf727acceffeacc817a8638eb3ae,0,"[['shhhhhhh'], [91.71761274337769]]",0.0
202,e032603a0989864a0dae4969a96ac715389e04ee,0,"[[], []]",0.0
209,59e6db60e018c3c16549525c84bb5a0d62f68c65,0,"[[], []]",0.0
207,4508b6e38ed731aa3373e9a87e22c9719e96dbe0,0,"[[], []]",0.0
74,1f26cb32fd0f0a5feed5dbea36a71d8b6d21ff86,0,"[[], []]",0.0
79,a66e5fbbaf1d81b0e66b7b799031f83b29a5ddc9,0,"[['reversible ', 'reversible ', 'reversible ', 'reversible '], [99.55703616142273, 99.46365356445312, 99.05359148979187, 99.03901815414429]]",0.0
204,6337197ef3383045051aac90564bb8c8b9c0ad4e,1,"[['type a 12pcs among us', 'height 8 11cm'], [99.85653162002563, 99.29491877555847]]",0.0
203,eeed78a89d3b3e17f9b12f69816682e0be0aec45,0,"[[], []]",0.0
162,6dd753ca41d846e4bb865ae0d90c0388d17cc388,0,"[[], []]",0.0
291,58d9525329706e8c594e080629c683680560915e,0,"[[], []]",0.0
396,d8945fdb2a59c2031944e84dd608444e540a3914,0,"[[], []]",0.0
379,88755aa6e15a790ca7027d8b4ad71861fb6c89aa,0,"[[], []]",0.0
380,70ba4c481c26414b9c5e79d5fcf4ae84235e1ca0,0,"[[], []]",0.0
368,4565b013caf382977b58aff8e574e48973527249,0,"[[], []]",0.0
369,fd4fc83b4df6bacd66050b55c99c085c50ab01ca,0,"[[], []]",0.0
370,cee070367ed4ecbe7a52279b84d49ba20bbe86cf,0,"[[], []]",0.0
371,eddda30b2a626be08f876942422eb9d57f2aedda,0,"[[], []]",0.0
459,6528ef6a197b0c379b1af5afeb33632c151ed814,0,"[[], []]",0.0
372,da3ce02d2251c96b8c87decaf27cfe167a8ff867,0,"[[], []]",0.0
373,77951756f7cad31806c4783c13feb2f71ffcee15,0,"[[], []]",0.0
36,a5835382300c7e8e57404ed5de969d939b29c37a,0,"[[], []]",0.0
377,a3c3f7bcc1ba15048c15869f452b7dfd913470b1,0,"[[], []]",0.0
458,14f4e5198283fbe1a1ffae046ef359af50baee30,0,"[[], []]",0.0
435,36f9ae61de72d849202a88ec08c7f5f99fb8377e,0,"[[], []]",0.0
383,deae9a3ca21e61f9dcaa149603dfee810cb3c59f,0,"[['guia deluniverso', 'reblox'], [94.3437397480011, 74.18880462646484]]",0.0
8,c24c8919bfeb37dbca1422e373d6f79693efedcd,0,"[[], []]",0.0
457,e7548d35100cf01b8e9dbd44d58163a01632c446,0,"[[], []]",0.0
385,493b38ff84a9f9d70bd57099dc92c63660b0f012,0,"[['guia deluniverso', 'reblox'], [94.2918598651886, 71.30433917045593]]",0.0
35,9af74e9e31e7a3db852b47dc21ae443e84a8d194,1,"[['no  121 132'], [95.71161270141602]]",0.0
456,4111f60e1607757c6f829638268aefe602f33ba7,0,"[['1'], [99.11068081855774]]",0.0
33,9016ed2aed1043bfe296b8f050ed0e4f58d6b4ba,0,"[[], []]",0.0
32,37d5fd60adbe6525d1d002397093385cbbe48c51,0,"[[], []]",0.0
4,3f7fc0f877323f4b74cb9a4c3847d3eea6f3ae5a,0,"[['press to make a sound'], [99.68701601028442]]",0.0
5,9a12a490fcea7313378b1e83425fae86ddc81124,0,"[[], []]",0.0
30,e2f1fc809a41a94019f48e0a4847dce60b3ae2dc,0,"[[], []]",0.0
393,a9f2a9ae020b81b91e5e85ebca41bdc9e02f5cfa,0,"[[], []]",0.0
394,f12c1cb347c67327ff327837e5fa14e6d124b5de,0,"[[], []]",0.0
468,af6b53e008d28fdfae13e1858e71b25b040a8039,0,"[[], []]",0.0
